,precision_test,precision_test,precision_test,precision_test,precision_test,precision_test,precision_test,precision_test,recall_test,recall_test,recall_test,recall_test,recall_test,recall_test,recall_test,recall_test,f1_test,f1_test,f1_test,f1_test,f1_test,f1_test,f1_test,f1_test,precision_train,precision_train,precision_train,precision_train,precision_train,precision_train,precision_train,precision_train,recall_train,recall_train,recall_train,recall_train,recall_train,recall_train,recall_train,recall_train,f1_train,f1_train,f1_train,f1_train,f1_train,f1_train,f1_train,f1_train,n_train,n_train,n_train,n_train,n_train,n_train,n_train,n_train,n_test,n_test,n_test,n_test,n_test,n_test,n_test,n_test,train_pos,train_pos,train_pos,train_pos,train_pos,train_pos,train_pos,train_pos,train_neg,train_neg,train_neg,train_neg,train_neg,train_neg,train_neg,train_neg,test_pos,test_pos,test_pos,test_pos,test_pos,test_pos,test_pos,test_pos,test_neg,test_neg,test_neg,test_neg,test_neg,test_neg,test_neg,test_neg,decision_threshold,decision_threshold,decision_threshold,decision_threshold,decision_threshold,decision_threshold,decision_threshold,decision_threshold,random_state,random_state,random_state,random_state,random_state,random_state,random_state,random_state,tuning_precision_test,tuning_precision_test,tuning_precision_test,tuning_precision_test,tuning_precision_test,tuning_precision_test,tuning_precision_test,tuning_precision_test,tuning_recall_test,tuning_recall_test,tuning_recall_test,tuning_recall_test,tuning_recall_test,tuning_recall_test,tuning_recall_test,tuning_recall_test,tuning_f1_test,tuning_f1_test,tuning_f1_test,tuning_f1_test,tuning_f1_test,tuning_f1_test,tuning_f1_test,tuning_f1_test,tuning_precision_train,tuning_precision_train,tuning_precision_train,tuning_precision_train,tuning_precision_train,tuning_precision_train,tuning_precision_train,tuning_precision_train,tuning_recall_train,tuning_recall_train,tuning_recall_train,tuning_recall_train,tuning_recall_train,tuning_recall_train,tuning_recall_train,tuning_recall_train,tuning_f1_train,tuning_f1_train,tuning_f1_train,tuning_f1_train,tuning_f1_train,tuning_f1_train,tuning_f1_train,tuning_f1_train,fold,fold,fold,fold,fold,fold,fold,fold
,count,mean,std,min,25%,50%,75%,max,count,mean,std,min,25%,50%,75%,max,count,mean,std,min,25%,50%,75%,max,count,mean,std,min,25%,50%,75%,max,count,mean,std,min,25%,50%,75%,max,count,mean,std,min,25%,50%,75%,max,count,mean,std,min,25%,50%,75%,max,count,mean,std,min,25%,50%,75%,max,count,mean,std,min,25%,50%,75%,max,count,mean,std,min,25%,50%,75%,max,count,mean,std,min,25%,50%,75%,max,count,mean,std,min,25%,50%,75%,max,count,mean,std,min,25%,50%,75%,max,count,mean,std,min,25%,50%,75%,max,count,mean,std,min,25%,50%,75%,max,count,mean,std,min,25%,50%,75%,max,count,mean,std,min,25%,50%,75%,max,count,mean,std,min,25%,50%,75%,max,count,mean,std,min,25%,50%,75%,max,count,mean,std,min,25%,50%,75%,max,count,mean,std,min,25%,50%,75%,max
column,,,,,,,,,,,,,,,,,,,,,,,,,,,,,,,,,,,,,,,,,,,,,,,,,,,,,,,,,,,,,,,,,,,,,,,,,,,,,,,,,,,,,,,,,,,,,,,,,,,,,,,,,,,,,,,,,,,,,,,,,,,,,,,,,,,,,,,,,,,,,,,,,,,,,,,,,,,,,,,,,,,,,,,,
attr|0,10.0,0.6686614962190409,0.07410076830514467,0.5625,0.6483375959079284,0.6666666666666666,0.6860795454545454,0.8235294117647058,10.0,0.7801169590643274,0.11221536706450168,0.5789473684210527,0.7470760233918128,0.8114035087719298,0.8421052631578947,0.9473684210526315,10.0,0.7131964759449839,0.05706263327250827,0.6285714285714286,0.6856382978723404,0.7187948350071736,0.7410663641520137,0.8,10.0,0.8076085498941051,0.025518260311050093,0.7536231884057971,0.7942272853957636,0.8126923076923077,0.821969696969697,0.841025641025641,10.0,0.9619611158072697,0.015439134562655846,0.9285714285714286,0.9583949704142012,0.9642857142857143,0.9703701746970977,0.9821428571428571,10.0,0.8779087610736542,0.019213531354795386,0.832,0.875506938202863,0.8790243902439024,0.889344262295082,0.9010989010989011,10.0,1278.9,0.31622776601683794,1278.0,1279.0,1279.0,1279.0,1279.0,10.0,142.1,0.31622776601683794,142.0,142.0,142.0,142.0,143.0,10.0,168.3,0.48304589153964794,168.0,168.0,168.0,168.75,169.0,10.0,1110.6,0.5163977794943223,1110.0,1110.0,1111.0,1111.0,1111.0,10.0,18.7,0.4830458915396479,18.0,18.25,19.0,19.0,19.0,10.0,123.4,0.5163977794943222,123.0,123.0,123.0,124.0,124.0,10.0,0.5,0.0,0.5,0.5,0.5,0.5,0.5,10.0,4243.0,0.0,4243.0,4243.0,4243.0,4243.0,4243.0,10.0,0.8064516129032258,0.0,0.8064516129032258,0.8064516129032258,0.8064516129032258,0.8064516129032258,0.8064516129032258,10.0,0.78125,0.0,0.78125,0.78125,0.78125,0.78125,0.78125,10.0,0.7936507936507936,0.0,0.7936507936507936,0.7936507936507936,0.7936507936507936,0.7936507936507936,0.7936507936507936,10.0,0.8617886178861788,1.1702778228589004e-16,0.8617886178861789,0.8617886178861789,0.8617886178861789,0.8617886178861789,0.8617886178861789,10.0,0.8617886178861788,1.1702778228589004e-16,0.8617886178861789,0.8617886178861789,0.8617886178861789,0.8617886178861789,0.8617886178861789,10.0,0.8617886178861788,1.1702778228589004e-16,0.8617886178861789,0.8617886178861789,0.8617886178861789,0.8617886178861789,0.8617886178861789,10.0,4.5,3.0276503540974917,0.0,2.25,4.5,6.75,9.0
attr|1,10.0,0.03922793078823934,0.031248562172065147,0.0,0.00641025641025641,0.04523809523809524,0.06504207573632538,0.075,10.0,0.35,0.29344694769431684,0.0,0.0625,0.375,0.5,0.75,10.0,0.07035486105321946,0.05610123325216592,0.0,0.011627906976744186,0.08069381598793363,0.11857142857142856,0.13636363636363635,10.0,0.12800479675804405,0.009860483696878338,0.1167192429022082,0.12161274563022473,0.12458477410577631,0.1352779068566708,0.14741035856573706,10.0,1.0,0.0,1.0,1.0,1.0,1.0,1.0,10.0,0.22683673021587164,0.015401266727355725,0.20903954802259886,0.21685297314081664,0.22156483075157773,0.23829562594268477,0.2569444444444444,10.0,1278.9,0.31622776601683794,1278.0,1279.0,1279.0,1279.0,1279.0,10.0,142.1,0.31622776601683794,142.0,142.0,142.0,142.0,143.0,10.0,36.9,0.3162277660168379,36.0,37.0,37.0,37.0,37.0,10.0,1242.0,0.0,1242.0,1242.0,1242.0,1242.0,1242.0,10.0,4.1,0.31622776601683794,4.0,4.0,4.0,4.0,5.0,10.0,138.0,0.0,138.0,138.0,138.0,138.0,138.0,10.0,0.5,0.0,0.5,0.5,0.5,0.5,0.5,10.0,4243.0,0.0,4243.0,4243.0,4243.0,4243.0,4243.0,10.0,0.06837606837606838,0.0,0.06837606837606838,0.06837606837606838,0.06837606837606838,0.06837606837606838,0.06837606837606838,10.0,0.5714285714285714,0.0,0.5714285714285714,0.5714285714285714,0.5714285714285714,0.5714285714285714,0.5714285714285714,10.0,0.12213740458015268,1.4628472785736255e-17,0.12213740458015267,0.12213740458015267,0.12213740458015267,0.12213740458015267,0.12213740458015267,10.0,0.12272727272727273,0.0,0.12272727272727273,0.12272727272727273,0.12272727272727273,0.12272727272727273,0.12272727272727273,10.0,1.0,0.0,1.0,1.0,1.0,1.0,1.0,10.0,0.21862348178137653,0.0,0.21862348178137653,0.21862348178137653,0.21862348178137653,0.21862348178137653,0.21862348178137653,10.0,4.5,3.0276503540974917,0.0,2.25,4.5,6.75,9.0
attr|2,10.0,0.9343457506613826,0.02704419773099008,0.8902439024390244,0.9193479193479194,0.9357864357864358,0.9532131345688961,0.9710144927536232,10.0,0.8243055555555555,0.06887302053141243,0.7160493827160493,0.7818672839506173,0.8333333333333333,0.8796296296296295,0.9125,10.0,0.8739312457729319,0.035877902115585426,0.8055555555555556,0.8639541387024608,0.8853763440860215,0.8999518999519,0.9113924050632911,10.0,0.9706272895758401,0.005448519239396609,0.9607250755287009,0.9675053424708007,0.9723372440763745,0.9744421331316188,0.9777070063694268,10.0,0.8602846259655064,0.02145770283329795,0.8225584594222833,0.8477107486736097,0.8665749656121045,0.8735829163958463,0.8844566712517193,10.0,0.9119614510145485,0.010874145122725533,0.8925373134328358,0.907774972486567,0.9141549779869759,0.9177079055790135,0.9265129682997119,10.0,1278.9,0.31622776601683794,1278.0,1279.0,1279.0,1279.0,1279.0,10.0,142.1,0.31622776601683794,142.0,142.0,142.0,142.0,143.0,10.0,727.2,0.4216370213557839,727.0,727.0,727.0,727.0,728.0,10.0,551.7,0.48304589153964794,551.0,551.25,552.0,552.0,552.0,10.0,80.8,0.4216370213557839,80.0,81.0,81.0,81.0,81.0,10.0,61.3,0.48304589153964794,61.0,61.0,61.0,61.75,62.0,10.0,0.5,0.0,0.5,0.5,0.5,0.5,0.5,10.0,4243.0,0.0,4243.0,4243.0,4243.0,4243.0,4243.0,10.0,0.9558232931726908,0.0,0.9558232931726908,0.9558232931726908,0.9558232931726908,0.9558232931726908,0.9558232931726908,10.0,0.8623188405797102,0.0,0.8623188405797102,0.8623188405797102,0.8623188405797102,0.8623188405797102,0.8623188405797102,10.0,0.9066666666666666,0.0,0.9066666666666666,0.9066666666666666,0.9066666666666666,0.9066666666666666,0.9066666666666666,10.0,0.9670781893004115,1.1702778228589004e-16,0.9670781893004116,0.9670781893004116,0.9670781893004116,0.9670781893004116,0.9670781893004116,10.0,0.8801498127340824,0.0,0.8801498127340824,0.8801498127340824,0.8801498127340824,0.8801498127340824,0.8801498127340824,10.0,0.9215686274509803,0.0,0.9215686274509803,0.9215686274509803,0.9215686274509803,0.9215686274509803,0.9215686274509803,10.0,4.5,3.0276503540974917,0.0,2.25,4.5,6.75,9.0
attr|3,10.0,0.8096151374195509,0.06658863867914616,0.7,0.7641129032258065,0.8294789227166277,0.843442118226601,0.9245283018867925,10.0,0.9665098039215685,0.02778335968522079,0.9215686274509803,0.9601960784313726,0.9703921568627452,0.9802941176470588,1.0,10.0,0.8793059398136197,0.03762296385234247,0.8166666666666667,0.8624833110814418,0.8817302125547928,0.9004463178775106,0.9423076923076923,10.0,0.8476473886437625,0.009950135843865811,0.8248175182481752,0.8431878191988327,0.8506666380785958,0.8525519848771267,0.8604206500956023,10.0,0.9898992673992675,0.0033076314233754438,0.9868131868131869,0.9873626373626374,0.9890350877192983,0.9906798245614035,0.9956043956043956,10.0,0.9132309236537756,0.00547554761817602,0.900398406374502,0.9127601416603152,0.9148059001419491,0.915736040609137,0.9202453987730062,10.0,1278.9,0.31622776601683794,1278.0,1279.0,1279.0,1279.0,1279.0,10.0,142.1,0.31622776601683794,142.0,142.0,142.0,142.0,143.0,10.0,455.4,0.5163977794943223,455.0,455.0,455.0,456.0,456.0,10.0,823.5,0.5270462766947299,823.0,823.0,823.5,824.0,824.0,10.0,50.6,0.5163977794943222,50.0,50.0,51.0,51.0,51.0,10.0,91.5,0.5270462766947299,91.0,91.0,91.5,92.0,92.0,10.0,0.5,0.0,0.5,0.5,0.5,0.5,0.5,10.0,4243.0,0.0,4243.0,4243.0,4243.0,4243.0,4243.0,10.0,0.8383838383838385,1.1702778228589004e-16,0.8383838383838383,0.8383838383838383,0.8383838383838383,0.8383838383838383,0.8383838383838383,10.0,0.9595375722543352,0.0,0.9595375722543352,0.9595375722543352,0.9595375722543352,0.9595375722543352,0.9595375722543352,10.0,0.8948787061994607,2.340555645717801e-16,0.894878706199461,0.894878706199461,0.894878706199461,0.894878706199461,0.894878706199461,10.0,0.8582474226804123,0.0,0.8582474226804123,0.8582474226804123,0.8582474226804123,0.8582474226804123,0.8582474226804123,10.0,0.9940298507462687,0.0,0.9940298507462687,0.9940298507462687,0.9940298507462687,0.9940298507462687,0.9940298507462687,10.0,0.921161825726141,0.0,0.921161825726141,0.921161825726141,0.921161825726141,0.921161825726141,0.921161825726141,10.0,4.5,3.0276503540974917,0.0,2.25,4.5,6.75,9.0
attr|4,10.0,0.4505190482032587,0.07807393332260155,0.3181818181818182,0.4041666666666667,0.45227272727272727,0.4934210526315789,0.5714285714285714,10.0,0.7763636363636364,0.09783703021441009,0.6363636363636364,0.7068181818181818,0.8090909090909091,0.8181818181818182,0.9090909090909091,10.0,0.5654875600648682,0.07068768915296135,0.42424242424242425,0.5201612903225806,0.581989247311828,0.6026936026936027,0.6666666666666666,10.0,0.5580711078558447,0.025590286172054354,0.49444444444444446,0.5559276761865626,0.5695852534562211,0.5721024258760108,0.5789473684210527,10.0,0.9200279209621993,0.012119300001898937,0.90625,0.9095790378006873,0.9166666666666666,0.9276471219931272,0.9381443298969072,10.0,0.6943341290939943,0.01975750498221461,0.644927536231884,0.6891170495882084,0.702597609561753,0.7061204819277108,0.7109375,10.0,1278.9,0.31622776601683794,1278.0,1279.0,1279.0,1279.0,1279.0,10.0,142.1,0.31622776601683794,142.0,142.0,142.0,142.0,143.0,10.0,96.3,0.48304589153964794,96.0,96.0,96.0,96.75,97.0,10.0,1182.6,0.5163977794943223,1182.0,1182.0,1183.0,1183.0,1183.0,10.0,10.7,0.4830458915396479,10.0,10.25,11.0,11.0,11.0,10.0,131.4,0.5163977794943222,131.0,131.0,131.0,132.0,132.0,10.0,0.5,0.0,0.5,0.5,0.5,0.5,0.5,10.0,4243.0,0.0,4243.0,4243.0,4243.0,4243.0,4243.0,10.0,0.42372881355932196,5.851389114294502e-17,0.423728813559322,0.423728813559322,0.423728813559322,0.423728813559322,0.423728813559322,10.0,0.6944444444444444,0.0,0.6944444444444444,0.6944444444444444,0.6944444444444444,0.6944444444444444,0.6944444444444444,10.0,0.5263157894736842,0.0,0.5263157894736842,0.5263157894736842,0.5263157894736842,0.5263157894736842,0.5263157894736842,10.0,0.5922330097087378,0.0,0.5922330097087378,0.5922330097087378,0.5922330097087378,0.5922330097087378,0.5922330097087378,10.0,0.8591549295774648,0.0,0.8591549295774648,0.8591549295774648,0.8591549295774648,0.8591549295774648,0.8591549295774648,10.0,0.7011494252873564,0.0,0.7011494252873564,0.7011494252873564,0.7011494252873564,0.7011494252873564,0.7011494252873564,10.0,4.5,3.0276503540974917,0.0,2.25,4.5,6.75,9.0
cat|0,10.0,0.7271645021645022,0.11904312598106523,0.5833333333333334,0.6666666666666666,0.6833333333333333,0.7818181818181819,1.0,10.0,0.8455555555555556,0.11995083583632359,0.6666666666666666,0.7777777777777778,0.8888888888888888,0.8972222222222223,1.0,10.0,0.7780603683120846,0.10504001489136609,0.6666666666666666,0.6842105263157894,0.7722567287784678,0.831578947368421,1.0,10.0,0.8203962873484869,0.04371393736537355,0.77,0.788235294117647,0.8069607843137255,0.8387096774193549,0.896551724137931,10.0,0.9658084914182476,0.02057410579941134,0.9390243902439024,0.9512195121951219,0.9692863595302619,0.975609756097561,1.0,10.0,0.8863418867660593,0.02248057992241162,0.8461538461538461,0.871954132823698,0.8907071189679885,0.8952709359605912,0.9230769230769231,10.0,1039.5,0.5270462766947299,1039.0,1039.0,1039.5,1040.0,1040.0,10.0,115.5,0.5270462766947299,115.0,115.0,115.5,116.0,116.0,10.0,81.9,0.31622776601683794,81.0,82.0,82.0,82.0,82.0,10.0,957.6,0.5163977794943223,957.0,957.0,958.0,958.0,958.0,10.0,9.1,0.31622776601683794,9.0,9.0,9.0,9.0,10.0,10.0,106.4,0.5163977794943222,106.0,106.0,106.0,107.0,107.0,10.0,0.5,0.0,0.5,0.5,0.5,0.5,0.5,10.0,4243.0,0.0,4243.0,4243.0,4243.0,4243.0,4243.0,10.0,0.8333333333333334,0.0,0.8333333333333334,0.8333333333333334,0.8333333333333334,0.8333333333333334,0.8333333333333334,10.0,0.8064516129032258,0.0,0.8064516129032258,0.8064516129032258,0.8064516129032258,0.8064516129032258,0.8064516129032258,10.0,0.8196721311475411,1.1702778228589004e-16,0.819672131147541,0.819672131147541,0.819672131147541,0.819672131147541,0.819672131147541,10.0,0.7647058823529411,0.0,0.7647058823529411,0.7647058823529411,0.7647058823529411,0.7647058823529411,0.7647058823529411,10.0,0.8666666666666668,1.1702778228589004e-16,0.8666666666666667,0.8666666666666667,0.8666666666666667,0.8666666666666667,0.8666666666666667,10.0,0.8125,0.0,0.8125,0.8125,0.8125,0.8125,0.8125,10.0,4.5,3.0276503540974917,0.0,2.25,4.5,6.75,9.0
cat|1,10.0,0.7143333429104507,0.04639031826041897,0.6458333333333334,0.6728084415584416,0.724915824915825,0.7450980392156863,0.7777777777777778,10.0,0.8763565891472869,0.06556471835239293,0.7209302325581395,0.8662790697674418,0.8942414174972315,0.9231727574750831,0.9302325581395349,10.0,0.7860555841207584,0.04631333869355716,0.6813186813186813,0.7632200720072007,0.8000210393435725,0.8150308853809197,0.8333333333333334,10.0,0.82722729786146,0.017027251747956013,0.7970401691331924,0.8159364342553999,0.8304221251819506,0.8384443300601837,0.8503401360544217,10.0,0.9771583338940852,0.006551336866097011,0.966321243523316,0.9740427965816567,0.9779220779220779,0.9811688311688311,0.987012987012987,10.0,0.8958578631556083,0.009808199035160671,0.8787878787878788,0.8878942702402911,0.9004241446700291,0.9028392437179235,0.9079903147699758,10.0,1039.5,0.5270462766947299,1039.0,1039.0,1039.5,1040.0,1040.0,10.0,115.5,0.5270462766947299,115.0,115.0,115.5,116.0,116.0,10.0,385.2,0.4216370213557839,385.0,385.0,385.0,385.0,386.0,10.0,654.3,0.48304589153964794,654.0,654.0,654.0,654.75,655.0,10.0,42.8,0.4216370213557839,42.0,43.0,43.0,43.0,43.0,10.0,72.7,0.48304589153964794,72.0,72.25,73.0,73.0,73.0,10.0,0.5,0.0,0.5,0.5,0.5,0.5,0.5,10.0,4243.0,0.0,4243.0,4243.0,4243.0,4243.0,4243.0,10.0,0.7206703910614525,0.0,0.7206703910614525,0.7206703910614525,0.7206703910614525,0.7206703910614525,0.7206703910614525,10.0,0.8835616438356164,0.0,0.8835616438356164,0.8835616438356164,0.8835616438356164,0.8835616438356164,0.8835616438356164,10.0,0.7938461538461539,0.0,0.7938461538461539,0.7938461538461539,0.7938461538461539,0.7938461538461539,0.7938461538461539,10.0,0.8343558282208589,0.0,0.8343558282208589,0.8343558282208589,0.8343558282208589,0.8343558282208589,0.8343558282208589,10.0,0.9645390070921985,0.0,0.9645390070921985,0.9645390070921985,0.9645390070921985,0.9645390070921985,0.9645390070921985,10.0,0.8947368421052632,0.0,0.8947368421052632,0.8947368421052632,0.8947368421052632,0.8947368421052632,0.8947368421052632,10.0,4.5,3.0276503540974917,0.0,2.25,4.5,6.75,9.0
cat|2,10.0,0.9496753974849108,0.025136350047822716,0.9157894736842105,0.9333333333333333,0.9502279635258359,0.9740354122621564,0.9777777777777777,10.0,0.8830004295532646,0.02307653897093358,0.84375,0.8682345360824743,0.8756443298969072,0.904639175257732,0.9166666666666666,10.0,0.9147519783429603,0.014267714539014507,0.8983957219251337,0.9039818548387096,0.9149749426654209,0.9208292061695202,0.946236559139785,10.0,0.9781941446843707,0.00896438628969576,0.9563106796116505,0.9772817055050032,0.9800174835980893,0.9824164012738854,0.9877149877149877,10.0,0.9121271642659682,0.025440294011620644,0.8770114942528736,0.8912820919804769,0.908567120352367,0.9241161065037101,0.952819332566168,10.0,0.9438461155989586,0.015005186264411796,0.9220543806646526,0.9312402730926334,0.9429305967671098,0.9547141105056433,0.965034965034965,10.0,1039.5,0.5270462766947299,1039.0,1039.0,1039.5,1040.0,1040.0,10.0,115.5,0.5270462766947299,115.0,115.0,115.5,116.0,116.0,10.0,869.4,0.5163977794943223,869.0,869.0,869.0,870.0,870.0,10.0,170.1,0.31622776601683794,170.0,170.0,170.0,170.0,171.0,10.0,96.6,0.5163977794943222,96.0,96.0,97.0,97.0,97.0,10.0,18.9,0.3162277660168379,18.0,19.0,19.0,19.0,19.0,10.0,0.5,0.0,0.5,0.5,0.5,0.5,0.5,10.0,4243.0,0.0,4243.0,4243.0,4243.0,4243.0,4243.0,10.0,0.9283582089552238,1.1702778228589004e-16,0.9283582089552239,0.9283582089552239,0.9283582089552239,0.9283582089552239,0.9283582089552239,10.0,0.9452887537993921,0.0,0.9452887537993921,0.9452887537993921,0.9452887537993921,0.9452887537993921,0.9452887537993921,10.0,0.9367469879518072,0.0,0.9367469879518072,0.9367469879518072,0.9367469879518072,0.9367469879518072,0.9367469879518072,10.0,0.9655172413793103,1.1702778228589004e-16,0.9655172413793104,0.9655172413793104,0.9655172413793104,0.9655172413793104,0.9655172413793104,10.0,0.9670329670329669,1.1702778228589004e-16,0.967032967032967,0.967032967032967,0.967032967032967,0.967032967032967,0.967032967032967,10.0,0.9662745098039217,1.1702778228589004e-16,0.9662745098039216,0.9662745098039216,0.9662745098039216,0.9662745098039216,0.9662745098039216,10.0,4.5,3.0276503540974917,0.0,2.25,4.5,6.75,9.0
driver|0,10.0,0.11166666666666666,0.1685175010144292,0.0,0.0,0.0,0.19166666666666668,0.5,10.0,0.4,0.5163977794943223,0.0,0.0,0.0,1.0,1.0,10.0,0.16857142857142857,0.23875253187968906,0.0,0.0,0.0,0.3214285714285714,0.6666666666666666,10.0,0.2972677914831219,0.07020808967586789,0.20833333333333334,0.23844238975817922,0.2863636363636364,0.34195402298850575,0.4230769230769231,10.0,0.787121212121212,0.08052744831198633,0.6666666666666666,0.75,0.75,0.8295454545454546,0.9166666666666666,10.0,0.42739695475391193,0.07809196055504503,0.3389830508474576,0.3673469387755102,0.41428571428571426,0.4801393728222996,0.5789473684210527,10.0,1010.7,0.48304589153964794,1010.0,1010.25,1011.0,1011.0,1011.0,10.0,112.3,0.4830458915396479,112.0,112.0,112.0,112.75,113.0,10.0,11.7,0.4830458915396479,11.0,11.25,12.0,12.0,12.0,10.0,999.0,0.0,999.0,999.0,999.0,999.0,999.0,10.0,1.3,0.4830458915396479,1.0,1.0,1.0,1.75,2.0,10.0,111.0,0.0,111.0,111.0,111.0,111.0,111.0,10.0,0.5,0.0,0.5,0.5,0.5,0.5,0.5,10.0,4243.0,0.0,4243.0,4243.0,4243.0,4243.0,4243.0,10.0,0.2,0.0,0.2,0.2,0.2,0.2,0.2,10.0,0.5,0.0,0.5,0.5,0.5,0.5,0.5,10.0,0.2857142857142857,0.0,0.2857142857142857,0.2857142857142857,0.2857142857142857,0.2857142857142857,0.2857142857142857,10.0,0.38095238095238093,0.0,0.38095238095238093,0.38095238095238093,0.38095238095238093,0.38095238095238093,0.38095238095238093,10.0,0.888888888888889,1.1702778228589004e-16,0.8888888888888888,0.8888888888888888,0.8888888888888888,0.8888888888888888,0.8888888888888888,10.0,0.5333333333333333,0.0,0.5333333333333333,0.5333333333333333,0.5333333333333333,0.5333333333333333,0.5333333333333333,10.0,4.5,3.0276503540974917,0.0,2.25,4.5,6.75,9.0
driver|1,10.0,0.9552477485096796,0.023414639405638482,0.925,0.9390181320561067,0.9483849483849484,0.9736842105263158,0.987012987012987,10.0,0.9573260073260073,0.02202367101799074,0.9090909090909091,0.9517982017982017,0.961038961038961,0.9707792207792207,0.987012987012987,10.0,0.9561083985735401,0.018282147484572145,0.9271523178807947,0.9441858566062388,0.9524193548387097,0.9657499363381716,0.987012987012987,10.0,1.0,0.0,1.0,1.0,1.0,1.0,1.0,10.0,0.9949685768626478,0.002466971481485598,0.9899425287356322,0.9942446043165467,0.9949712643678161,0.9967672413793103,0.9985632183908046,10.0,0.9974765630389457,0.0012405262888973859,0.9949458483754513,0.9971139971139971,0.9974791642028868,0.9983809065058968,0.9992810927390366,10.0,1010.7,0.48304589153964794,1010.0,1010.25,1011.0,1011.0,1011.0,10.0,112.3,0.4830458915396479,112.0,112.0,112.0,112.75,113.0,10.0,695.7,0.48304589153964794,695.0,695.25,696.0,696.0,696.0,10.0,315.0,0.0,315.0,315.0,315.0,315.0,315.0,10.0,77.3,0.4830458915396479,77.0,77.0,77.0,77.75,78.0,10.0,35.0,0.0,35.0,35.0,35.0,35.0,35.0,10.0,0.5,0.0,0.5,0.5,0.5,0.5,0.5,10.0,4243.0,0.0,4243.0,4243.0,4243.0,4243.0,4243.0,10.0,0.965909090909091,1.1702778228589004e-16,0.9659090909090909,0.9659090909090909,0.9659090909090909,0.9659090909090909,0.9659090909090909,10.0,0.965909090909091,1.1702778228589004e-16,0.9659090909090909,0.9659090909090909,0.9659090909090909,0.9659090909090909,0.9659090909090909,10.0,0.965909090909091,1.1702778228589004e-16,0.9659090909090909,0.9659090909090909,0.9659090909090909,0.9659090909090909,0.9659090909090909,10.0,1.0,0.0,1.0,1.0,1.0,1.0,1.0,10.0,0.998046875,0.0,0.998046875,0.998046875,0.998046875,0.998046875,0.998046875,10.0,0.9990224828934509,2.340555645717801e-16,0.9990224828934506,0.9990224828934506,0.9990224828934506,0.9990224828934506,0.9990224828934506,10.0,4.5,3.0276503540974917,0.0,2.25,4.5,6.75,9.0
driver|2,10.0,0.08041366041366041,0.036193846094876365,0.041666666666666664,0.05138888888888889,0.06904761904761905,0.10308441558441558,0.14814814814814814,10.0,0.4916666666666666,0.2898754521821014,0.25,0.3333333333333333,0.3333333333333333,0.5833333333333333,1.0,10.0,0.1363832746667887,0.06271900099834256,0.07407407407407407,0.08902691511387163,0.11437908496732026,0.17849462365591398,0.25806451612903225,10.0,0.16838660636149932,0.025094660332337506,0.13004484304932734,0.15037762992267578,0.17367760444683522,0.18390160453043888,0.20863309352517986,10.0,1.0,0.0,1.0,1.0,1.0,1.0,1.0,10.0,0.2875230055331396,0.036987096568482786,0.23015873015873015,0.2612953832362169,0.29594918254712066,0.3106559684684685,0.34523809523809523,10.0,1010.7,0.48304589153964794,1010.0,1010.25,1011.0,1011.0,1011.0,10.0,112.3,0.4830458915396479,112.0,112.0,112.0,112.75,113.0,10.0,28.8,0.4216370213557839,28.0,29.0,29.0,29.0,29.0,10.0,981.9,0.31622776601683794,981.0,982.0,982.0,982.0,982.0,10.0,3.2,0.4216370213557839,3.0,3.0,3.0,3.0,4.0,10.0,109.1,0.31622776601683794,109.0,109.0,109.0,109.0,110.0,10.0,0.5,0.0,0.5,0.5,0.5,0.5,0.5,10.0,4243.0,0.0,4243.0,4243.0,4243.0,4243.0,4243.0,10.0,0.09090909090909091,0.0,0.09090909090909091,0.09090909090909091,0.09090909090909091,0.09090909090909091,0.09090909090909091,10.0,0.4545454545454545,5.851389114294502e-17,0.45454545454545453,0.45454545454545453,0.45454545454545453,0.45454545454545453,0.45454545454545453,10.0,0.15151515151515155,2.925694557147251e-17,0.15151515151515152,0.15151515151515152,0.15151515151515152,0.15151515151515152,0.15151515151515152,10.0,0.14999999999999997,2.925694557147251e-17,0.15,0.15,0.15,0.15,0.15,10.0,1.0,0.0,1.0,1.0,1.0,1.0,1.0,10.0,0.26086956521739124,5.851389114294502e-17,0.2608695652173913,0.2608695652173913,0.2608695652173913,0.2608695652173913,0.2608695652173913,10.0,4.5,3.0276503540974917,0.0,2.25,4.5,6.75,9.0
driver|3,10.0,0.8896285020873057,0.04778386695262471,0.8095238095238095,0.8692645074224021,0.8856209150326797,0.9003923278116827,1.0,10.0,0.9326050420168068,0.05207342430984197,0.8235294117647058,0.9117647058823529,0.9420168067226891,0.9705882352941176,1.0,10.0,0.90887654296576,0.02726799265223133,0.8615384615384616,0.8883650595979362,0.9130252100840336,0.926349765258216,0.9538461538461539,10.0,0.9207132776523175,0.012979016468757595,0.8982035928143712,0.9126429650410013,0.9234348323671225,0.9281895192691219,0.9380804953560371,10.0,0.9824569567240579,0.005969727569418841,0.974025974025974,0.9780844155844156,0.9821428571428572,0.9837662337662337,0.9935064935064936,10.0,0.9505290301220952,0.007174740122384517,0.9360374414976599,0.9486012617987969,0.9517765101711269,0.9529038893229038,0.9603803486529319,10.0,1010.7,0.48304589153964794,1010.0,1010.25,1011.0,1011.0,1011.0,10.0,112.3,0.4830458915396479,112.0,112.0,112.0,112.75,113.0,10.0,307.8,0.4216370213557839,307.0,308.0,308.0,308.0,308.0,10.0,702.9,0.31622776601683794,702.0,703.0,703.0,703.0,703.0,10.0,34.2,0.4216370213557839,34.0,34.0,34.0,34.0,35.0,10.0,78.1,0.31622776601683794,78.0,78.0,78.0,78.0,79.0,10.0,0.5,0.0,0.5,0.5,0.5,0.5,0.5,10.0,4243.0,0.0,4243.0,4243.0,4243.0,4243.0,4243.0,10.0,0.9473684210526315,0.0,0.9473684210526315,0.9473684210526315,0.9473684210526315,0.9473684210526315,0.9473684210526315,10.0,0.9230769230769231,0.0,0.9230769230769231,0.9230769230769231,0.9230769230769231,0.9230769230769231,0.9230769230769231,10.0,0.935064935064935,0.0,0.935064935064935,0.935064935064935,0.935064935064935,0.935064935064935,0.935064935064935,10.0,0.9174311926605506,1.1702778228589004e-16,0.9174311926605505,0.9174311926605505,0.9174311926605505,0.9174311926605505,0.9174311926605505,10.0,0.8849557522123895,1.1702778228589004e-16,0.8849557522123894,0.8849557522123894,0.8849557522123894,0.8849557522123894,0.8849557522123894,10.0,0.9009009009009009,0.0,0.9009009009009009,0.9009009009009009,0.9009009009009009,0.9009009009009009,0.9009009009009009,10.0,4.5,3.0276503540974917,0.0,2.25,4.5,6.75,9.0
driver|5,10.0,0.6941286079649251,0.039631203908733405,0.6428571428571429,0.6666666666666666,0.6878260869565218,0.7121848739495799,0.782608695652174,10.0,0.7992105263157895,0.112500128244515,0.631578947368421,0.7401315789473684,0.8,0.8986842105263158,0.9473684210526315,10.0,0.7398351536042971,0.06152178822219364,0.6486486486486487,0.7068181818181818,0.7379466817923993,0.7670454545454546,0.8571428571428571,10.0,0.794270212044734,0.022620174456200685,0.7412280701754386,0.7889177168272794,0.7990476616292588,0.8103906611188164,0.8146341463414634,10.0,0.9555519480519479,0.00842013598788845,0.9428571428571428,0.9502191558441558,0.9571428571428571,0.9601704545454546,0.9659090909090909,10.0,0.8673094379253392,0.014361854032935814,0.8366336633663366,0.8610260953608248,0.8724059354908715,0.8782826912642431,0.8808290155440415,10.0,1010.7,0.48304589153964794,1010.0,1010.25,1011.0,1011.0,1011.0,10.0,112.3,0.4830458915396479,112.0,112.0,112.0,112.75,113.0,10.0,175.5,0.5270462766947299,175.0,175.0,175.5,176.0,176.0,10.0,835.2,0.4216370213557839,835.0,835.0,835.0,835.0,836.0,10.0,19.5,0.5270462766947299,19.0,19.0,19.5,20.0,20.0,10.0,92.8,0.4216370213557839,92.0,93.0,93.0,93.0,93.0,10.0,0.5,0.0,0.5,0.5,0.5,0.5,0.5,10.0,4243.0,0.0,4243.0,4243.0,4243.0,4243.0,4243.0,10.0,0.7142857142857143,0.0,0.7142857142857143,0.7142857142857143,0.7142857142857143,0.7142857142857143,0.7142857142857143,10.0,0.8333333333333334,0.0,0.8333333333333334,0.8333333333333334,0.8333333333333334,0.8333333333333334,0.8333333333333334,10.0,0.7692307692307693,0.0,0.7692307692307693,0.7692307692307693,0.7692307692307693,0.7692307692307693,0.7692307692307693,10.0,0.8223684210526315,0.0,0.8223684210526315,0.8223684210526315,0.8223684210526315,0.8223684210526315,0.8223684210526315,10.0,0.9689922480620154,0.0,0.9689922480620154,0.9689922480620154,0.9689922480620154,0.9689922480620154,0.9689922480620154,10.0,0.8896797153024913,2.340555645717801e-16,0.8896797153024911,0.8896797153024911,0.8896797153024911,0.8896797153024911,0.8896797153024911,10.0,4.5,3.0276503540974917,0.0,2.25,4.5,6.75,9.0
driver|6,10.0,0.8545957379793586,0.09064532255174959,0.6944444444444444,0.8245738636363636,0.8686868686868687,0.8991379310344828,1.0,10.0,0.9323891625615763,0.04274205366146369,0.8571428571428571,0.9017857142857143,0.9298029556650247,0.9642857142857143,1.0,10.0,0.8887614003117488,0.05093411198895545,0.78125,0.8758569299552905,0.9045454545454545,0.9145108534046982,0.9629629629629629,10.0,0.8984122759638369,0.04106586539622723,0.8322147651006712,0.8606137872840004,0.9116599533601866,0.9354687199514786,0.9418604651162791,10.0,0.9675763849676893,0.010170408311066737,0.9565217391304348,0.9604743083003953,0.9643641382771817,0.9752964426877471,0.9841897233201581,10.0,0.9310764199761985,0.018553320802513172,0.9001814882032668,0.9169179610046265,0.9344891594891596,0.9473226228112841,0.953125,10.0,1010.7,0.48304589153964794,1010.0,1010.25,1011.0,1011.0,1011.0,10.0,112.3,0.4830458915396479,112.0,112.0,112.0,112.75,113.0,10.0,252.9,0.31622776601683794,252.0,253.0,253.0,253.0,253.0,10.0,757.8,0.42163702135578396,757.0,758.0,758.0,758.0,758.0,10.0,28.1,0.3162277660168379,28.0,28.0,28.0,28.0,29.0,10.0,84.2,0.4216370213557839,84.0,84.0,84.0,84.0,85.0,10.0,0.5,0.0,0.5,0.5,0.5,0.5,0.5,10.0,4243.0,0.0,4243.0,4243.0,4243.0,4243.0,4243.0,10.0,0.9306930693069309,1.1702778228589004e-16,0.9306930693069307,0.9306930693069307,0.9306930693069307,0.9306930693069307,0.9306930693069307,10.0,0.9791666666666666,0.0,0.9791666666666666,0.9791666666666666,0.9791666666666666,0.9791666666666666,0.9791666666666666,10.0,0.9543147208121828,1.1702778228589004e-16,0.9543147208121827,0.9543147208121827,0.9543147208121827,0.9543147208121827,0.9543147208121827,10.0,0.9072164948453608,0.0,0.9072164948453608,0.9072164948453608,0.9072164948453608,0.9072164948453608,0.9072164948453608,10.0,0.9513513513513516,2.340555645717801e-16,0.9513513513513514,0.9513513513513514,0.9513513513513514,0.9513513513513514,0.9513513513513514,10.0,0.928759894459103,1.1702778228589004e-16,0.9287598944591029,0.9287598944591029,0.9287598944591029,0.9287598944591029,0.9287598944591029,10.0,4.5,3.0276503540974917,0.0,2.25,4.5,6.75,9.0
driver|7,10.0,0.5175443083746029,0.07451786765128234,0.3939393939393939,0.48928571428571427,0.530791788856305,0.5639130434782609,0.6363636363636364,10.0,0.7741830065359476,0.10761126896806739,0.6470588235294118,0.7099673202614379,0.7434640522875817,0.8235294117647058,0.9444444444444444,10.0,0.6160571347658325,0.0684777042862508,0.5,0.5769230769230769,0.6341463414634146,0.660377358490566,0.717948717948718,10.0,0.6533386267674564,0.021676483886718008,0.6239669421487604,0.6337724963403083,0.6545320560058954,0.6718256598183308,0.6814159292035398,10.0,0.9813854425144747,0.01066415750931993,0.967948717948718,0.9742349048800663,0.9807692307692308,0.9919561621174524,0.9935897435897436,10.0,0.7842428808709825,0.016097945682295684,0.760705289672544,0.7707668329177058,0.7840488527017024,0.7952920591089907,0.806282722513089,10.0,1010.7,0.48304589153964794,1010.0,1010.25,1011.0,1011.0,1011.0,10.0,112.3,0.4830458915396479,112.0,112.0,112.0,112.75,113.0,10.0,155.7,0.48304589153964794,155.0,155.25,156.0,156.0,156.0,10.0,855.0,0.0,855.0,855.0,855.0,855.0,855.0,10.0,17.3,0.4830458915396479,17.0,17.0,17.0,17.75,18.0,10.0,95.0,0.0,95.0,95.0,95.0,95.0,95.0,10.0,0.5,0.0,0.5,0.5,0.5,0.5,0.5,10.0,4243.0,0.0,4243.0,4243.0,4243.0,4243.0,4243.0,10.0,0.5053763440860216,1.1702778228589004e-16,0.5053763440860215,0.5053763440860215,0.5053763440860215,0.5053763440860215,0.5053763440860215,10.0,0.7966101694915253,1.1702778228589004e-16,0.7966101694915254,0.7966101694915254,0.7966101694915254,0.7966101694915254,0.7966101694915254,10.0,0.618421052631579,0.0,0.618421052631579,0.618421052631579,0.618421052631579,0.618421052631579,0.618421052631579,10.0,0.6993865030674847,1.1702778228589004e-16,0.6993865030674846,0.6993865030674846,0.6993865030674846,0.6993865030674846,0.6993865030674846,10.0,1.0,0.0,1.0,1.0,1.0,1.0,1.0,10.0,0.8231046931407942,1.1702778228589004e-16,0.8231046931407943,0.8231046931407943,0.8231046931407943,0.8231046931407943,0.8231046931407943,10.0,4.5,3.0276503540974917,0.0,2.25,4.5,6.75,9.0
event|0,10.0,0.515824915824916,0.28180466073823546,0.3333333333333333,0.33636363636363636,0.34865319865319866,0.7356902356902357,1.0,10.0,0.9842105263157894,0.04993069989739548,0.8421052631578947,1.0,1.0,1.0,1.0,10.0,0.6356606321069015,0.20306703235097032,0.5,0.5033783783783784,0.5170307293594965,0.8158512720156555,0.9473684210526315,10.0,0.5283112922797648,0.3005507122894065,0.3408163265306122,0.34151329243353784,0.34285714285714286,0.7803165584415584,0.9819277108433735,10.0,0.9916345879669233,0.013565001761522765,0.9700598802395209,0.9820359281437125,1.0,1.0,1.0,10.0,0.646950735875274,0.221364280299734,0.5083713850837138,0.5091463414634146,0.5106382978723404,0.8384153884215735,0.978978978978979,10.0,489.6,0.5163977794943223,489.0,489.0,490.0,490.0,490.0,10.0,54.4,0.5163977794943222,54.0,54.0,54.0,55.0,55.0,10.0,167.4,0.5163977794943222,167.0,167.0,167.0,168.0,168.0,10.0,322.2,0.4216370213557839,322.0,322.0,322.0,322.0,323.0,10.0,18.6,0.5163977794943222,18.0,18.0,19.0,19.0,19.0,10.0,35.8,0.4216370213557839,35.0,36.0,36.0,36.0,36.0,10.0,0.5,0.0,0.5,0.5,0.5,0.5,0.5,10.0,4243.0,0.0,4243.0,4243.0,4243.0,4243.0,4243.0,10.0,0.9692307692307691,1.1702778228589004e-16,0.9692307692307692,0.9692307692307692,0.9692307692307692,0.9692307692307692,0.9692307692307692,10.0,0.984375,0.0,0.984375,0.984375,0.984375,0.984375,0.984375,10.0,0.9767441860465116,0.0,0.9767441860465116,0.9767441860465116,0.9767441860465116,0.9767441860465116,0.9767441860465116,10.0,0.9756097560975612,2.340555645717801e-16,0.975609756097561,0.975609756097561,0.975609756097561,0.975609756097561,0.975609756097561,10.0,0.9756097560975612,2.340555645717801e-16,0.975609756097561,0.975609756097561,0.975609756097561,0.975609756097561,0.975609756097561,10.0,0.9756097560975612,2.340555645717801e-16,0.975609756097561,0.975609756097561,0.975609756097561,0.975609756097561,0.975609756097561,10.0,4.5,3.0276503540974917,0.0,2.25,4.5,6.75,9.0
event|1,10.0,0.31466014955374605,0.020010521552504053,0.3018867924528302,0.3033381712626996,0.31070889894419307,0.3137254901960784,0.3695652173913043,10.0,1.0,0.0,1.0,1.0,1.0,1.0,1.0,10.0,0.4783872418429004,0.022415169816140883,0.463768115942029,0.46547314578005117,0.4741000877963125,0.47761194029850745,0.5396825396825397,10.0,0.3159486282638395,0.01227255420560241,0.29958677685950413,0.30500358315122666,0.31706500415000377,0.3244492298313151,0.3364485981308411,10.0,0.9993103448275862,0.0021808811449437145,0.993103448275862,1.0,1.0,1.0,1.0,10.0,0.4799770379776621,0.014009703280932404,0.4610492845786963,0.46742530164155144,0.48146698202974203,0.48993700986237565,0.5026178010471204,10.0,489.6,0.5163977794943223,489.0,489.0,490.0,490.0,490.0,10.0,54.4,0.5163977794943222,54.0,54.0,54.0,55.0,55.0,10.0,145.8,0.4216370213557839,145.0,146.0,146.0,146.0,146.0,10.0,343.8,0.4216370213557839,343.0,344.0,344.0,344.0,344.0,10.0,16.2,0.4216370213557839,16.0,16.0,16.0,16.0,17.0,10.0,38.2,0.4216370213557839,38.0,38.0,38.0,38.0,39.0,10.0,0.5,0.0,0.5,0.5,0.5,0.5,0.5,10.0,4243.0,0.0,4243.0,4243.0,4243.0,4243.0,4243.0,10.0,0.8548387096774194,0.0,0.8548387096774194,0.8548387096774194,0.8548387096774194,0.8548387096774194,0.8548387096774194,10.0,0.9464285714285714,0.0,0.9464285714285714,0.9464285714285714,0.9464285714285714,0.9464285714285714,0.9464285714285714,10.0,0.8983050847457628,0.0,0.8983050847457628,0.8983050847457628,0.8983050847457628,0.8983050847457628,0.8983050847457628,10.0,0.9082568807339448,1.1702778228589004e-16,0.908256880733945,0.908256880733945,0.908256880733945,0.908256880733945,0.908256880733945,10.0,0.9252336448598129,2.340555645717801e-16,0.9252336448598131,0.9252336448598131,0.9252336448598131,0.9252336448598131,0.9252336448598131,10.0,0.9166666666666666,0.0,0.9166666666666666,0.9166666666666666,0.9166666666666666,0.9166666666666666,0.9166666666666666,10.0,4.5,3.0276503540974917,0.0,2.25,4.5,6.75,9.0
event|2,10.0,0.6635714285714285,0.10099062118906482,0.5,0.5785714285714285,0.6904761904761905,0.7142857142857143,0.8333333333333334,10.0,0.8150000000000001,0.20006943239230168,0.4,0.7625,0.8,1.0,1.0,10.0,0.7264141414141414,0.1377799932185596,0.4444444444444444,0.6666666666666666,0.7386363636363636,0.8333333333333334,0.9090909090909091,10.0,0.8048061446061606,0.0692410126267132,0.7213114754098361,0.752304490038656,0.7859649122807018,0.8590561224489796,0.9166666666666666,10.0,0.9954545454545455,0.009582659576267808,0.9772727272727273,1.0,1.0,1.0,1.0,10.0,0.8885643161327474,0.04168118887972635,0.8380952380952381,0.8585984812073439,0.88008800880088,0.916320664324497,0.9565217391304348,10.0,489.6,0.5163977794943223,489.0,489.0,490.0,490.0,490.0,10.0,54.4,0.5163977794943222,54.0,54.0,54.0,55.0,55.0,10.0,44.1,0.3162277660168379,44.0,44.0,44.0,44.0,45.0,10.0,445.5,0.5270462766947299,445.0,445.0,445.5,446.0,446.0,10.0,4.9,0.31622776601683794,4.0,5.0,5.0,5.0,5.0,10.0,49.5,0.5270462766947299,49.0,49.0,49.5,50.0,50.0,10.0,0.5,0.0,0.5,0.5,0.5,0.5,0.5,10.0,4243.0,0.0,4243.0,4243.0,4243.0,4243.0,4243.0,10.0,1.0,0.0,1.0,1.0,1.0,1.0,1.0,10.0,0.8823529411764707,1.1702778228589004e-16,0.8823529411764706,0.8823529411764706,0.8823529411764706,0.8823529411764706,0.8823529411764706,10.0,0.9375,0.0,0.9375,0.9375,0.9375,0.9375,0.9375,10.0,0.9696969696969695,2.340555645717801e-16,0.9696969696969697,0.9696969696969697,0.9696969696969697,0.9696969696969697,0.9696969696969697,10.0,1.0,0.0,1.0,1.0,1.0,1.0,1.0,10.0,0.9846153846153847,0.0,0.9846153846153847,0.9846153846153847,0.9846153846153847,0.9846153846153847,0.9846153846153847,10.0,4.5,3.0276503540974917,0.0,2.25,4.5,6.75,9.0
event|3,10.0,0.5850000000000001,0.22380685014726315,0.25,0.42500000000000004,0.6,0.7291666666666666,1.0,10.0,0.8333333333333333,0.23570226039551584,0.3333333333333333,0.6666666666666666,1.0,1.0,1.0,10.0,0.660952380952381,0.18102964098342586,0.2857142857142857,0.5714285714285714,0.7083333333333333,0.7875000000000001,0.8571428571428571,10.0,0.5509381648855333,0.03402724302121889,0.5128205128205128,0.5253289473684211,0.554093567251462,0.5667013167013166,0.625,10.0,0.8175384615384615,0.027166905651106937,0.8,0.8,0.8038461538461539,0.8319230769230769,0.88,10.0,0.6576402593462803,0.026023052907633012,0.625,0.6377289377289377,0.6559938524590163,0.6747311827956989,0.7017543859649122,10.0,489.6,0.5163977794943223,489.0,489.0,490.0,490.0,490.0,10.0,54.4,0.5163977794943222,54.0,54.0,54.0,55.0,55.0,10.0,25.2,0.4216370213557839,25.0,25.0,25.0,25.0,26.0,10.0,464.4,0.5163977794943223,464.0,464.0,464.0,465.0,465.0,10.0,2.8,0.4216370213557839,2.0,3.0,3.0,3.0,3.0,10.0,51.6,0.5163977794943222,51.0,51.0,52.0,52.0,52.0,10.0,0.5,0.0,0.5,0.5,0.5,0.5,0.5,10.0,4243.0,0.0,4243.0,4243.0,4243.0,4243.0,4243.0,10.0,0.5833333333333333,1.1702778228589004e-16,0.5833333333333334,0.5833333333333334,0.5833333333333334,0.5833333333333334,0.5833333333333334,10.0,0.7,0.0,0.7,0.7,0.7,0.7,0.7,10.0,0.6363636363636365,1.1702778228589004e-16,0.6363636363636364,0.6363636363636364,0.6363636363636364,0.6363636363636364,0.6363636363636364,10.0,0.5161290322580644,1.1702778228589004e-16,0.5161290322580645,0.5161290322580645,0.5161290322580645,0.5161290322580645,0.5161290322580645,10.0,0.888888888888889,1.1702778228589004e-16,0.8888888888888888,0.8888888888888888,0.8888888888888888,0.8888888888888888,0.8888888888888888,10.0,0.6530612244897959,0.0,0.6530612244897959,0.6530612244897959,0.6530612244897959,0.6530612244897959,0.6530612244897959,10.0,4.5,3.0276503540974917,0.0,2.25,4.5,6.75,9.0
event|4,10.0,0.9265716374269006,0.06913263373419833,0.8333333333333334,0.8784722222222222,0.9131944444444444,1.0,1.0,10.0,0.95625,0.051454537646785294,0.875,0.9375,0.96875,1.0,1.0,10.0,0.9392566865455858,0.04246169558399393,0.875,0.919047619047619,0.9393382352941176,0.9611005692599621,1.0,10.0,0.9586574000712943,0.021086248259910786,0.9328859060402684,0.9414864864864865,0.9556425309849967,0.9771619225844578,0.9929078014184397,10.0,0.9708333333333332,0.005477851651018143,0.9652777777777778,0.9652777777777778,0.9722222222222222,0.9722222222222222,0.9791666666666666,10.0,0.9645695200682598,0.009652260329317488,0.9488054607508533,0.9589740005591277,0.9638582770470435,0.9711812577666236,0.9824561403508771,10.0,489.6,0.5163977794943223,489.0,489.0,490.0,490.0,490.0,10.0,54.4,0.5163977794943222,54.0,54.0,54.0,55.0,55.0,10.0,144.0,0.0,144.0,144.0,144.0,144.0,144.0,10.0,345.6,0.5163977794943223,345.0,345.0,346.0,346.0,346.0,10.0,16.0,0.0,16.0,16.0,16.0,16.0,16.0,10.0,38.4,0.5163977794943222,38.0,38.0,38.0,39.0,39.0,10.0,0.5,0.0,0.5,0.5,0.5,0.5,0.5,10.0,4243.0,0.0,4243.0,4243.0,4243.0,4243.0,4243.0,10.0,0.9464285714285714,0.0,0.9464285714285714,0.9464285714285714,0.9464285714285714,0.9464285714285714,0.9464285714285714,10.0,0.9636363636363635,1.1702778228589004e-16,0.9636363636363636,0.9636363636363636,0.9636363636363636,0.9636363636363636,0.9636363636363636,10.0,0.954954954954955,0.0,0.954954954954955,0.954954954954955,0.954954954954955,0.954954954954955,0.954954954954955,10.0,0.9807692307692306,1.1702778228589004e-16,0.9807692307692307,0.9807692307692307,0.9807692307692307,0.9807692307692307,0.9807692307692307,10.0,0.9714285714285713,1.1702778228589004e-16,0.9714285714285714,0.9714285714285714,0.9714285714285714,0.9714285714285714,0.9714285714285714,10.0,0.9760765550239233,1.1702778228589004e-16,0.9760765550239234,0.9760765550239234,0.9760765550239234,0.9760765550239234,0.9760765550239234,10.0,4.5,3.0276503540974917,0.0,2.25,4.5,6.75,9.0
event|5,10.0,0.9541666666666666,0.059306260295925485,0.875,0.8888888888888888,1.0,1.0,1.0,10.0,0.9652777777777779,0.07670389595268931,0.7777777777777778,1.0,1.0,1.0,1.0,10.0,0.9580392156862745,0.05613462151302539,0.8235294117647058,0.9411764705882353,0.9705882352941176,1.0,1.0,10.0,0.9625997125237632,0.020374661139591275,0.948051948051948,0.9487179487179487,0.9490425186627718,0.9802597402597403,1.0,10.0,0.9852432432432432,0.009987845330783271,0.9594594594594594,0.9865315315315315,0.9866666666666667,0.9866666666666667,1.0,10.0,0.9736089481464021,0.008046353367390747,0.9668874172185431,0.9673202614379085,0.9705022359821122,0.9779892521271831,0.9866666666666667,10.0,489.6,0.5163977794943223,489.0,489.0,490.0,490.0,490.0,10.0,54.4,0.5163977794943222,54.0,54.0,54.0,55.0,55.0,10.0,74.7,0.4830458915396479,74.0,74.25,75.0,75.0,75.0,10.0,414.9,0.31622776601683794,414.0,415.0,415.0,415.0,415.0,10.0,8.3,0.4830458915396479,8.0,8.0,8.0,8.75,9.0,10.0,46.1,0.3162277660168379,46.0,46.0,46.0,46.0,47.0,10.0,0.5,0.0,0.5,0.5,0.5,0.5,0.5,10.0,4243.0,0.0,4243.0,4243.0,4243.0,4243.0,4243.0,10.0,0.9655172413793103,1.1702778228589004e-16,0.9655172413793104,0.9655172413793104,0.9655172413793104,0.9655172413793104,0.9655172413793104,10.0,1.0,0.0,1.0,1.0,1.0,1.0,1.0,10.0,0.982456140350877,1.1702778228589004e-16,0.9824561403508771,0.9824561403508771,0.9824561403508771,0.9824561403508771,0.9824561403508771,10.0,0.9818181818181818,0.0,0.9818181818181818,0.9818181818181818,0.9818181818181818,0.9818181818181818,0.9818181818181818,10.0,0.9818181818181818,0.0,0.9818181818181818,0.9818181818181818,0.9818181818181818,0.9818181818181818,0.9818181818181818,10.0,0.9818181818181818,0.0,0.9818181818181818,0.9818181818181818,0.9818181818181818,0.9818181818181818,0.9818181818181818,10.0,4.5,3.0276503540974917,0.0,2.25,4.5,6.75,9.0
event|6,10.0,0.1412756786289395,0.04716067032682576,0.07407407407407407,0.11653846153846154,0.13942307692307693,0.1590625,0.23076923076923078,10.0,0.71,0.1577621275493231,0.5,0.6,0.75,0.8,1.0,10.0,0.23279381534109006,0.06615907876936122,0.12903225806451613,0.19688542825361513,0.23617511520737328,0.2693693693693694,0.3333333333333333,10.0,0.1815321445309789,0.013851728644383669,0.16597510373443983,0.16792613051533659,0.18187830687830686,0.1917761417739376,0.20618556701030927,10.0,0.9759581881533101,0.015875848401225634,0.9523809523809523,0.975609756097561,0.975609756097561,0.9761904761904762,1.0,10.0,0.3058740999211647,0.019370463060229784,0.28368794326241137,0.28680998838269645,0.30658541957271856,0.3202509842519685,0.3389830508474576,10.0,489.6,0.5163977794943223,489.0,489.0,490.0,490.0,490.0,10.0,54.4,0.5163977794943222,54.0,54.0,54.0,55.0,55.0,10.0,41.4,0.5163977794943222,41.0,41.0,41.0,42.0,42.0,10.0,448.2,0.4216370213557839,448.0,448.0,448.0,448.0,449.0,10.0,4.6,0.5163977794943222,4.0,4.0,5.0,5.0,5.0,10.0,49.8,0.4216370213557839,49.0,50.0,50.0,50.0,50.0,10.0,0.5,0.0,0.5,0.5,0.5,0.5,0.5,10.0,4243.0,0.0,4243.0,4243.0,4243.0,4243.0,4243.0,10.0,0.171875,0.0,0.171875,0.171875,0.171875,0.171875,0.171875,10.0,0.6875,0.0,0.6875,0.6875,0.6875,0.6875,0.6875,10.0,0.275,0.0,0.275,0.275,0.275,0.275,0.275,10.0,0.2238805970149254,2.925694557147251e-17,0.22388059701492538,0.22388059701492538,0.22388059701492538,0.22388059701492538,0.22388059701492538,10.0,1.0,0.0,1.0,1.0,1.0,1.0,1.0,10.0,0.36585365853658536,0.0,0.36585365853658536,0.36585365853658536,0.36585365853658536,0.36585365853658536,0.36585365853658536,10.0,4.5,3.0276503540974917,0.0,2.25,4.5,6.75,9.0
expose|0,10.0,0.8629761904761905,0.11636724615988804,0.625,0.8083333333333333,0.8571428571428571,0.9642857142857143,1.0,10.0,0.9266666666666665,0.12352837430833151,0.6666666666666666,0.8500000000000001,1.0,1.0,1.0,10.0,0.8863714063714065,0.09242513569320238,0.7272727272727273,0.8222222222222222,0.916083916083916,0.9230769230769231,1.0,10.0,0.9174847912915087,0.03692951370553068,0.847457627118644,0.8983253588516746,0.917621293800539,0.926936026936027,0.98,10.0,0.9960000000000001,0.008432740427115686,0.98,1.0,1.0,1.0,1.0,10.0,0.9546951997869126,0.018449729533819754,0.9174311926605505,0.9461974110032363,0.9528259902091678,0.9620827285921626,0.9807692307692307,10.0,269.1,0.31622776601683794,269.0,269.0,269.0,269.0,270.0,10.0,29.9,0.31622776601683794,29.0,30.0,30.0,30.0,30.0,10.0,50.4,0.5163977794943222,50.0,50.0,50.0,51.0,51.0,10.0,218.7,0.48304589153964794,218.0,218.25,219.0,219.0,219.0,10.0,5.6,0.5163977794943222,5.0,5.0,6.0,6.0,6.0,10.0,24.3,0.4830458915396479,24.0,24.0,24.0,24.75,25.0,10.0,0.5,0.0,0.5,0.5,0.5,0.5,0.5,10.0,4243.0,0.0,4243.0,4243.0,4243.0,4243.0,4243.0,10.0,1.0,0.0,1.0,1.0,1.0,1.0,1.0,10.0,0.8947368421052632,0.0,0.8947368421052632,0.8947368421052632,0.8947368421052632,0.8947368421052632,0.8947368421052632,10.0,0.9444444444444444,0.0,0.9444444444444444,0.9444444444444444,0.9444444444444444,0.9444444444444444,0.9444444444444444,10.0,0.9736842105263157,1.1702778228589004e-16,0.9736842105263158,0.9736842105263158,0.9736842105263158,0.9736842105263158,0.9736842105263158,10.0,1.0,0.0,1.0,1.0,1.0,1.0,1.0,10.0,0.9866666666666667,0.0,0.9866666666666667,0.9866666666666667,0.9866666666666667,0.9866666666666667,0.9866666666666667,10.0,4.5,3.0276503540974917,0.0,2.25,4.5,6.75,9.0
expose|1,10.0,0.09689655172413794,0.009813965152246695,0.06896551724137931,0.1,0.1,0.1,0.1,10.0,1.0,0.0,1.0,1.0,1.0,1.0,1.0,10.0,0.17653958944281528,0.016692374745756845,0.12903225806451613,0.18181818181818182,0.18181818181818182,0.18181818181818182,0.18181818181818182,10.0,0.09698884758364312,0.0010580111130674874,0.09665427509293681,0.09665427509293681,0.09665427509293681,0.09665427509293681,0.1,10.0,1.0,0.0,1.0,1.0,1.0,1.0,1.0,10.0,0.17682588597842835,0.0017541139563337724,0.17627118644067796,0.17627118644067796,0.17627118644067796,0.17627118644067796,0.18181818181818182,10.0,269.1,0.31622776601683794,269.0,269.0,269.0,269.0,270.0,10.0,29.9,0.31622776601683794,29.0,30.0,30.0,30.0,30.0,10.0,26.1,0.31622776601683794,26.0,26.0,26.0,26.0,27.0,10.0,243.0,0.0,243.0,243.0,243.0,243.0,243.0,10.0,2.9,0.31622776601683794,2.0,3.0,3.0,3.0,3.0,10.0,27.0,0.0,27.0,27.0,27.0,27.0,27.0,10.0,0.5,0.0,0.5,0.5,0.5,0.5,0.5,10.0,4243.0,0.0,4243.0,4243.0,4243.0,4243.0,4243.0,10.0,0.6666666666666667,1.1702778228589004e-16,0.6666666666666666,0.6666666666666666,0.6666666666666666,0.6666666666666666,0.6666666666666666,10.0,0.8,0.0,0.8,0.8,0.8,0.8,0.8,10.0,0.7272727272727273,0.0,0.7272727272727273,0.7272727272727273,0.7272727272727273,0.7272727272727273,0.7272727272727273,10.0,0.5862068965517241,0.0,0.5862068965517241,0.5862068965517241,0.5862068965517241,0.5862068965517241,0.5862068965517241,10.0,0.8947368421052632,0.0,0.8947368421052632,0.8947368421052632,0.8947368421052632,0.8947368421052632,0.8947368421052632,10.0,0.7083333333333333,1.1702778228589004e-16,0.7083333333333334,0.7083333333333334,0.7083333333333334,0.7083333333333334,0.7083333333333334,10.0,4.5,3.0276503540974917,0.0,2.25,4.5,6.75,9.0
expose|3,10.0,0.9618364092048302,0.037032966037204476,0.9047619047619048,0.9486215538847117,0.9523809523809523,1.0,1.0,10.0,0.9649999999999999,0.041163630117428227,0.9,0.95,0.975,1.0,1.0,10.0,0.9625202781813822,0.02440640500914795,0.9230769230769231,0.9486215538847117,0.9743589743589743,0.975609756097561,1.0,10.0,0.9854686820792505,0.00606644203697746,0.9770114942528736,0.9831214689265537,0.9834709489405622,0.9889349294045426,0.9943820224719101,10.0,0.9800000000000001,0.015090036138861765,0.9444444444444444,0.9777777777777777,0.9833333333333333,0.9888888888888889,0.9944444444444445,10.0,0.9826852718192228,0.009431894050730147,0.96045197740113,0.9791666666666666,0.9860719911233191,0.9888733705772812,0.9916897506925207,10.0,269.1,0.31622776601683794,269.0,269.0,269.0,269.0,270.0,10.0,29.9,0.31622776601683794,29.0,30.0,30.0,30.0,30.0,10.0,180.0,0.0,180.0,180.0,180.0,180.0,180.0,10.0,89.1,0.31622776601683794,89.0,89.0,89.0,89.0,90.0,10.0,20.0,0.0,20.0,20.0,20.0,20.0,20.0,10.0,9.9,0.31622776601683794,9.0,10.0,10.0,10.0,10.0,10.0,0.5,0.0,0.5,0.5,0.5,0.5,0.5,10.0,4243.0,0.0,4243.0,4243.0,4243.0,4243.0,4243.0,10.0,0.9571428571428571,1.1702778228589004e-16,0.9571428571428572,0.9571428571428572,0.9571428571428572,0.9571428571428572,0.9571428571428572,10.0,0.9852941176470587,2.340555645717801e-16,0.9852941176470589,0.9852941176470589,0.9852941176470589,0.9852941176470589,0.9852941176470589,10.0,0.9710144927536233,1.1702778228589004e-16,0.9710144927536232,0.9710144927536232,0.9710144927536232,0.9710144927536232,0.9710144927536232,10.0,1.0,0.0,1.0,1.0,1.0,1.0,1.0,10.0,0.9318181818181819,1.1702778228589004e-16,0.9318181818181818,0.9318181818181818,0.9318181818181818,0.9318181818181818,0.9318181818181818,10.0,0.9647058823529411,1.1702778228589004e-16,0.9647058823529412,0.9647058823529412,0.9647058823529412,0.9647058823529412,0.9647058823529412,10.0,4.5,3.0276503540974917,0.0,2.25,4.5,6.75,9.0
health|0,10.0,0.6704770504693106,0.10642676049632811,0.5263157894736842,0.6111111111111112,0.6672794117647058,0.7611607142857143,0.8333333333333334,10.0,0.8423076923076923,0.06311200469776956,0.75,0.7884615384615385,0.8461538461538461,0.8990384615384615,0.9166666666666666,10.0,0.7427337377532038,0.075495396856252,0.6206896551724138,0.7155913978494624,0.7459770114942528,0.7964285714285715,0.8461538461538461,10.0,0.8235293232456634,0.023886914258212044,0.7847222222222222,0.8169186652763295,0.8278582930756844,0.8308823529411765,0.8682170542635659,10.0,0.9955907467784506,0.00464784742277729,0.9911504424778761,0.9911698494022667,0.9956140350877193,1.0,1.0,10.0,0.9012344468236133,0.01392745611791412,0.8784313725490196,0.8990347980695961,0.904,0.9045714285714286,0.9256198347107438,10.0,1250.1,0.31622776601683794,1250.0,1250.0,1250.0,1250.0,1251.0,10.0,138.9,0.31622776601683794,138.0,139.0,139.0,139.0,139.0,10.0,113.4,0.5163977794943222,113.0,113.0,113.0,114.0,114.0,10.0,1136.7,0.48304589153964794,1136.0,1136.25,1137.0,1137.0,1137.0,10.0,12.6,0.5163977794943222,12.0,12.0,13.0,13.0,13.0,10.0,126.3,0.4830458915396479,126.0,126.0,126.0,126.75,127.0,10.0,0.5,0.0,0.5,0.5,0.5,0.5,0.5,10.0,4243.0,0.0,4243.0,4243.0,4243.0,4243.0,4243.0,10.0,0.7454545454545454,1.1702778228589004e-16,0.7454545454545455,0.7454545454545455,0.7454545454545455,0.7454545454545455,0.7454545454545455,10.0,0.9534883720930234,1.1702778228589004e-16,0.9534883720930233,0.9534883720930233,0.9534883720930233,0.9534883720930233,0.9534883720930233,10.0,0.8367346938775511,0.0,0.8367346938775511,0.8367346938775511,0.8367346938775511,0.8367346938775511,0.8367346938775511,10.0,0.7941176470588235,0.0,0.7941176470588235,0.7941176470588235,0.7941176470588235,0.7941176470588235,0.7941176470588235,10.0,0.9759036144578314,0.0,0.9759036144578314,0.9759036144578314,0.9759036144578314,0.9759036144578314,0.9759036144578314,10.0,0.8756756756756758,1.1702778228589004e-16,0.8756756756756757,0.8756756756756757,0.8756756756756757,0.8756756756756757,0.8756756756756757,10.0,4.5,3.0276503540974917,0.0,2.25,4.5,6.75,9.0
health|1,10.0,0.8542860884385652,0.09730308283930714,0.6363636363636364,0.8199013157894737,0.875,0.8872549019607843,1.0,10.0,0.91875,0.06620936909196126,0.8125,0.875,0.90625,0.984375,1.0,10.0,0.8824068359401178,0.06849111522214973,0.7368421052631579,0.8616071428571428,0.8920454545454546,0.9285714285714286,0.9696969696969697,10.0,0.9105608965850603,0.015804201691847604,0.88125,0.9029095904095904,0.9114852081183351,0.925392156862745,0.9271523178807947,10.0,0.9722222222222221,0.006547285010986528,0.9652777777777778,0.9652777777777778,0.9722222222222222,0.9791666666666666,0.9791666666666666,10.0,0.9402886710174077,0.0077942927444100505,0.9276315789473685,0.9343378598345485,0.9395945945945945,0.9482589646027904,0.9494949494949495,10.0,1250.1,0.31622776601683794,1250.0,1250.0,1250.0,1250.0,1251.0,10.0,138.9,0.31622776601683794,138.0,139.0,139.0,139.0,139.0,10.0,144.0,0.0,144.0,144.0,144.0,144.0,144.0,10.0,1106.1,0.31622776601683794,1106.0,1106.0,1106.0,1106.0,1107.0,10.0,16.0,0.0,16.0,16.0,16.0,16.0,16.0,10.0,122.9,0.31622776601683794,122.0,123.0,123.0,123.0,123.0,10.0,0.5,0.0,0.5,0.5,0.5,0.5,0.5,10.0,4243.0,0.0,4243.0,4243.0,4243.0,4243.0,4243.0,10.0,0.875,0.0,0.875,0.875,0.875,0.875,0.875,10.0,0.9074074074074077,2.340555645717801e-16,0.9074074074074074,0.9074074074074074,0.9074074074074074,0.9074074074074074,0.9074074074074074,10.0,0.8909090909090909,0.0,0.8909090909090909,0.8909090909090909,0.8909090909090909,0.8909090909090909,0.8909090909090909,10.0,0.9357798165137614,1.1702778228589004e-16,0.9357798165137615,0.9357798165137615,0.9357798165137615,0.9357798165137615,0.9357798165137615,10.0,0.9622641509433961,1.1702778228589004e-16,0.9622641509433962,0.9622641509433962,0.9622641509433962,0.9622641509433962,0.9622641509433962,10.0,0.9488372093023256,0.0,0.9488372093023256,0.9488372093023256,0.9488372093023256,0.9488372093023256,0.9488372093023256,10.0,4.5,3.0276503540974917,0.0,2.25,4.5,6.75,9.0
health|10,10.0,0.2758730158730159,0.1809273165598579,0.0,0.20357142857142857,0.2833333333333333,0.41666666666666663,0.5,10.0,0.52,0.328464440828667,0.0,0.42500000000000004,0.5,0.75,1.0,10.0,0.34210526315789475,0.1998197831411283,0.0,0.2833333333333333,0.4105263157894737,0.48214285714285715,0.5714285714285714,10.0,0.45386702949892543,0.17397744528732464,0.0,0.43871252204585537,0.5033333333333334,0.552156690140845,0.6129032258064516,10.0,0.8717948717948717,0.30769230769230765,0.0,0.9294871794871795,0.9743589743589743,0.9935897435897436,1.0,10.0,0.5940868559272451,0.21757670462363207,0.0,0.5986882557901209,0.663768115942029,0.6924536628420124,0.7524752475247525,10.0,1250.1,0.31622776601683794,1250.0,1250.0,1250.0,1250.0,1251.0,10.0,138.9,0.31622776601683794,138.0,139.0,139.0,139.0,139.0,10.0,38.7,0.4830458915396479,38.0,38.25,39.0,39.0,39.0,10.0,1211.4,0.5163977794943223,1211.0,1211.0,1211.0,1212.0,1212.0,10.0,4.3,0.48304589153964794,4.0,4.0,4.0,4.75,5.0,10.0,134.6,0.5163977794943222,134.0,134.0,135.0,135.0,135.0,10.0,0.5,0.0,0.5,0.5,0.5,0.5,0.5,10.0,4243.0,0.0,4243.0,4243.0,4243.0,4243.0,4243.0,10.0,0.2580645161290322,5.851389114294502e-17,0.25806451612903225,0.25806451612903225,0.25806451612903225,0.25806451612903225,0.25806451612903225,10.0,0.5333333333333333,0.0,0.5333333333333333,0.5333333333333333,0.5333333333333333,0.5333333333333333,0.5333333333333333,10.0,0.3478260869565217,5.851389114294502e-17,0.34782608695652173,0.34782608695652173,0.34782608695652173,0.34782608695652173,0.34782608695652173,10.0,0.4800000000000001,1.1702778228589004e-16,0.48,0.48,0.48,0.48,0.48,10.0,0.8571428571428571,0.0,0.8571428571428571,0.8571428571428571,0.8571428571428571,0.8571428571428571,0.8571428571428571,10.0,0.6153846153846153,1.1702778228589004e-16,0.6153846153846154,0.6153846153846154,0.6153846153846154,0.6153846153846154,0.6153846153846154,10.0,4.5,3.0276503540974917,0.0,2.25,4.5,6.75,9.0
health|11,10.0,0.5616113572189769,0.06984119532583986,0.4827586206896552,0.5,0.5479166666666666,0.6224340175953079,0.6666666666666666,10.0,0.6577898550724638,0.09488346538788565,0.4782608695652174,0.5896739130434783,0.6666666666666666,0.7395833333333334,0.782608695652174,10.0,0.603593137940964,0.07176295004623688,0.4888888888888889,0.5467032967032966,0.6006441223832528,0.6516233766233767,0.72,10.0,0.7285300980537107,0.02228949741937459,0.6806451612903226,0.7204836159816039,0.7341541437286119,0.7431661523913801,0.7526881720430108,10.0,0.9817208547233557,0.007780765315057122,0.9672897196261683,0.9776995305164319,0.9836119520863499,0.9859648545478479,0.9906103286384976,10.0,0.8361788254978462,0.014583577911520386,0.8053435114503816,0.8315807609134764,0.8381818181818181,0.84699626329405,0.8536585365853658,10.0,1250.1,0.31622776601683794,1250.0,1250.0,1250.0,1250.0,1251.0,10.0,138.9,0.31622776601683794,138.0,139.0,139.0,139.0,139.0,10.0,213.3,0.4830458915396479,213.0,213.0,213.0,213.75,214.0,10.0,1036.8,0.42163702135578396,1036.0,1037.0,1037.0,1037.0,1037.0,10.0,23.7,0.48304589153964794,23.0,23.25,24.0,24.0,24.0,10.0,115.2,0.4216370213557839,115.0,115.0,115.0,115.0,116.0,10.0,0.5,0.0,0.5,0.5,0.5,0.5,0.5,10.0,4243.0,0.0,4243.0,4243.0,4243.0,4243.0,4243.0,10.0,0.5039370078740157,0.0,0.5039370078740157,0.5039370078740157,0.5039370078740157,0.5039370078740157,0.5039370078740157,10.0,0.7901234567901234,0.0,0.7901234567901234,0.7901234567901234,0.7901234567901234,0.7901234567901234,0.7901234567901234,10.0,0.6153846153846153,1.1702778228589004e-16,0.6153846153846154,0.6153846153846154,0.6153846153846154,0.6153846153846154,0.6153846153846154,10.0,0.6547085201793721,1.1702778228589004e-16,0.6547085201793722,0.6547085201793722,0.6547085201793722,0.6547085201793722,0.6547085201793722,10.0,0.9358974358974359,0.0,0.9358974358974359,0.9358974358974359,0.9358974358974359,0.9358974358974359,0.9358974358974359,10.0,0.7704485488126649,0.0,0.7704485488126649,0.7704485488126649,0.7704485488126649,0.7704485488126649,0.7704485488126649,10.0,4.5,3.0276503540974917,0.0,2.25,4.5,6.75,9.0
health|12,10.0,0.8241444931879714,0.04377503656929854,0.7307692307692307,0.8278985507246377,0.8366666666666667,0.8528571428571428,0.8636363636363636,10.0,0.9114718614718615,0.059096590966278534,0.8181818181818182,0.873917748917749,0.9047619047619048,0.9415584415584415,1.0,10.0,0.8641656191766985,0.03576659602001574,0.8085106382978723,0.8390180878552972,0.8633540372670807,0.8875968992248062,0.9130434782608695,10.0,0.8636858484474754,0.010059017849587872,0.8486238532110092,0.8570046958855099,0.8625561545372866,0.8705356130524502,0.8811881188118812,10.0,0.9473412958115184,0.014124577360615329,0.9270833333333334,0.9388020833333334,0.9427083333333334,0.9607943390052356,0.9685863874345549,10.0,0.9034775269930719,0.006306313341720844,0.8933002481389578,0.9010589198645178,0.904099388132501,0.9062881041798762,0.9154228855721394,10.0,1250.1,0.31622776601683794,1250.0,1250.0,1250.0,1250.0,1251.0,10.0,138.9,0.31622776601683794,138.0,139.0,139.0,139.0,139.0,10.0,191.7,0.48304589153964794,191.0,191.25,192.0,192.0,192.0,10.0,1058.4,0.5163977794943223,1058.0,1058.0,1058.0,1059.0,1059.0,10.0,21.3,0.4830458915396479,21.0,21.0,21.0,21.75,22.0,10.0,117.6,0.5163977794943222,117.0,117.0,118.0,118.0,118.0,10.0,0.5,0.0,0.5,0.5,0.5,0.5,0.5,10.0,4243.0,0.0,4243.0,4243.0,4243.0,4243.0,4243.0,10.0,0.8641975308641975,0.0,0.8641975308641975,0.8641975308641975,0.8641975308641975,0.8641975308641975,0.8641975308641975,10.0,0.958904109589041,0.0,0.958904109589041,0.958904109589041,0.958904109589041,0.958904109589041,0.958904109589041,10.0,0.909090909090909,1.1702778228589004e-16,0.9090909090909091,0.9090909090909091,0.9090909090909091,0.9090909090909091,0.9090909090909091,10.0,0.8397435897435898,0.0,0.8397435897435898,0.8397435897435898,0.8397435897435898,0.8397435897435898,0.8397435897435898,10.0,0.9357142857142856,1.1702778228589004e-16,0.9357142857142857,0.9357142857142857,0.9357142857142857,0.9357142857142857,0.9357142857142857,10.0,0.8851351351351351,0.0,0.8851351351351351,0.8851351351351351,0.8851351351351351,0.8851351351351351,0.8851351351351351,10.0,4.5,3.0276503540974917,0.0,2.25,4.5,6.75,9.0
health|2,10.0,0.771186544793356,0.10980555279161401,0.6190476190476191,0.6842105263157894,0.7712418300653594,0.8373015873015872,0.9333333333333333,10.0,0.9123809523809525,0.05453484096255148,0.8,0.8821428571428571,0.930952380952381,0.9333333333333333,1.0,10.0,0.830668726552879,0.06281153151458184,0.7428571428571429,0.7892156862745098,0.8331479421579533,0.8683712121212122,0.9333333333333333,10.0,0.8217085986843171,0.028168587861700713,0.7724550898203593,0.8006172839506174,0.8275214373213557,0.8381825848619018,0.8707482993197279,10.0,0.9727956254272044,0.00810435210883548,0.9621212121212122,0.9696969696969697,0.9698108908635225,0.9774008885850991,0.9848484848484849,10.0,0.8906023076424825,0.01565195849755302,0.862876254180602,0.8778732296261899,0.8961925287356323,0.8980658359680119,0.9142857142857143,10.0,1250.1,0.31622776601683794,1250.0,1250.0,1250.0,1250.0,1251.0,10.0,138.9,0.31622776601683794,138.0,139.0,139.0,139.0,139.0,10.0,132.3,0.4830458915396479,132.0,132.0,132.0,132.75,133.0,10.0,1117.8,0.42163702135578396,1117.0,1118.0,1118.0,1118.0,1118.0,10.0,14.7,0.48304589153964794,14.0,14.25,15.0,15.0,15.0,10.0,124.2,0.4216370213557839,124.0,124.0,124.0,124.0,125.0,10.0,0.5,0.0,0.5,0.5,0.5,0.5,0.5,10.0,4243.0,0.0,4243.0,4243.0,4243.0,4243.0,4243.0,10.0,0.7833333333333333,0.0,0.7833333333333333,0.7833333333333333,0.7833333333333333,0.7833333333333333,0.7833333333333333,10.0,0.9399999999999998,1.1702778228589004e-16,0.94,0.94,0.94,0.94,0.94,10.0,0.8545454545454545,0.0,0.8545454545454545,0.8545454545454545,0.8545454545454545,0.8545454545454545,0.8545454545454545,10.0,0.811965811965812,0.0,0.811965811965812,0.811965811965812,0.811965811965812,0.811965811965812,0.811965811965812,10.0,0.9793814432989689,1.1702778228589004e-16,0.979381443298969,0.979381443298969,0.979381443298969,0.979381443298969,0.979381443298969,10.0,0.8878504672897197,1.1702778228589004e-16,0.8878504672897196,0.8878504672897196,0.8878504672897196,0.8878504672897196,0.8878504672897196,10.0,4.5,3.0276503540974917,0.0,2.25,4.5,6.75,9.0
health|3,10.0,0.5543717393717394,0.07121719478149112,0.45454545454545453,0.5083333333333333,0.5444444444444445,0.6231060606060606,0.6428571428571429,10.0,0.77,0.14944341180973264,0.5,0.7,0.8,0.875,1.0,10.0,0.6410630239325891,0.08935354990182466,0.47619047619047616,0.6206293706293706,0.64,0.7023809523809523,0.75,10.0,0.7032265290443446,0.06056903272388965,0.6356589147286822,0.6585678477839809,0.6893891287782576,0.7376400791034937,0.8095238095238095,10.0,0.9466666666666667,0.02445566521365804,0.9111111111111111,0.9277777777777778,0.95,0.9666666666666667,0.9777777777777777,10.0,0.8053307407724862,0.03690903361224987,0.7488584474885844,0.7861182934712346,0.8028554201300659,0.823628337187303,0.8717948717948718,10.0,1250.1,0.31622776601683794,1250.0,1250.0,1250.0,1250.0,1251.0,10.0,138.9,0.31622776601683794,138.0,139.0,139.0,139.0,139.0,10.0,90.0,0.0,90.0,90.0,90.0,90.0,90.0,10.0,1160.1,0.31622776601683794,1160.0,1160.0,1160.0,1160.0,1161.0,10.0,10.0,0.0,10.0,10.0,10.0,10.0,10.0,10.0,128.9,0.31622776601683794,128.0,129.0,129.0,129.0,129.0,10.0,0.5,0.0,0.5,0.5,0.5,0.5,0.5,10.0,4243.0,0.0,4243.0,4243.0,4243.0,4243.0,4243.0,10.0,0.7027027027027027,0.0,0.7027027027027027,0.7027027027027027,0.7027027027027027,0.7027027027027027,0.7027027027027027,10.0,0.7647058823529411,0.0,0.7647058823529411,0.7647058823529411,0.7647058823529411,0.7647058823529411,0.7647058823529411,10.0,0.7323943661971831,0.0,0.7323943661971831,0.7323943661971831,0.7323943661971831,0.7323943661971831,0.7323943661971831,10.0,0.6987951807228916,0.0,0.6987951807228916,0.6987951807228916,0.6987951807228916,0.6987951807228916,0.6987951807228916,10.0,0.8656716417910447,0.0,0.8656716417910447,0.8656716417910447,0.8656716417910447,0.8656716417910447,0.8656716417910447,10.0,0.7733333333333333,0.0,0.7733333333333333,0.7733333333333333,0.7733333333333333,0.7733333333333333,0.7733333333333333,10.0,4.5,3.0276503540974917,0.0,2.25,4.5,6.75,9.0
health|4,10.0,0.8712116826085536,0.05526509706230831,0.819672131147541,0.8283167738164816,0.8390804597701149,0.9331458635703919,0.9433962264150944,10.0,0.9627450980392156,0.02988007699519597,0.9019607843137255,0.946078431372549,0.9607843137254902,0.9803921568627451,1.0,10.0,0.9138140655607977,0.03495884621085643,0.8598130841121495,0.8929524603836531,0.904995904995905,0.9443614637789395,0.9615384615384616,10.0,0.9180708520866141,0.00790875612933998,0.9076305220883534,0.9117066083322449,0.9166735520118978,0.9233128834355828,0.9300411522633745,10.0,0.9868766303880443,0.0017866854802843942,0.9846827133479212,0.9852297592997812,0.9868852302370692,0.988519201551795,0.9890590809628009,10.0,0.951212135803089,0.004008857943227413,0.9465968586387434,0.9478106461916949,0.9504739633820676,0.9545454545454546,0.9576271186440678,10.0,1250.1,0.31622776601683794,1250.0,1250.0,1250.0,1250.0,1251.0,10.0,138.9,0.31622776601683794,138.0,139.0,139.0,139.0,139.0,10.0,457.2,0.4216370213557839,457.0,457.0,457.0,457.0,458.0,10.0,792.9,0.31622776601683794,792.0,793.0,793.0,793.0,793.0,10.0,50.8,0.4216370213557839,50.0,51.0,51.0,51.0,51.0,10.0,88.1,0.31622776601683794,88.0,88.0,88.0,88.0,89.0,10.0,0.5,0.0,0.5,0.5,0.5,0.5,0.5,10.0,4243.0,0.0,4243.0,4243.0,4243.0,4243.0,4243.0,10.0,0.9065934065934066,0.0,0.9065934065934066,0.9065934065934066,0.9065934065934066,0.9065934065934066,0.9065934065934066,10.0,0.9537572254335259,1.1702778228589004e-16,0.953757225433526,0.953757225433526,0.953757225433526,0.953757225433526,0.953757225433526,10.0,0.9295774647887324,0.0,0.9295774647887324,0.9295774647887324,0.9295774647887324,0.9295774647887324,0.9295774647887324,10.0,0.9120879120879121,0.0,0.9120879120879121,0.9120879120879121,0.9120879120879121,0.9120879120879121,0.9120879120879121,10.0,0.9880952380952379,2.340555645717801e-16,0.9880952380952381,0.9880952380952381,0.9880952380952381,0.9880952380952381,0.9880952380952381,10.0,0.9485714285714286,0.0,0.9485714285714286,0.9485714285714286,0.9485714285714286,0.9485714285714286,0.9485714285714286,10.0,4.5,3.0276503540974917,0.0,2.25,4.5,6.75,9.0
health|5,10.0,0.5931623931623932,0.12708927740007303,0.42857142857142855,0.5,0.554945054945055,0.6788461538461539,0.8,10.0,0.9,0.12909944487358058,0.625,0.875,0.9375,1.0,1.0,10.0,0.7098862575333164,0.11673537615384594,0.5454545454545454,0.6363636363636364,0.7136363636363636,0.8081232492997199,0.8888888888888888,10.0,0.6331343219597139,0.04450835008809802,0.5564516129032258,0.6167763157894737,0.6273148148148149,0.6355296080066722,0.723404255319149,10.0,0.9857746478873238,0.01161014032360384,0.9714285714285714,0.9753018108651912,0.9857142857142858,0.9964788732394366,1.0,10.0,0.7701243087845344,0.03151648186920004,0.711340206185567,0.7616634098680997,0.7658469945355191,0.7756410256410257,0.8292682926829268,10.0,1250.1,0.31622776601683794,1250.0,1250.0,1250.0,1250.0,1251.0,10.0,138.9,0.31622776601683794,138.0,139.0,139.0,139.0,139.0,10.0,70.2,0.4216370213557839,70.0,70.0,70.0,70.0,71.0,10.0,1179.9,0.31622776601683794,1179.0,1180.0,1180.0,1180.0,1180.0,10.0,7.8,0.4216370213557839,7.0,8.0,8.0,8.0,8.0,10.0,131.1,0.31622776601683794,131.0,131.0,131.0,131.0,132.0,10.0,0.5,0.0,0.5,0.5,0.5,0.5,0.5,10.0,4243.0,0.0,4243.0,4243.0,4243.0,4243.0,4243.0,10.0,0.5681818181818182,0.0,0.5681818181818182,0.5681818181818182,0.5681818181818182,0.5681818181818182,0.5681818181818182,10.0,0.9259259259259259,0.0,0.9259259259259259,0.9259259259259259,0.9259259259259259,0.9259259259259259,0.9259259259259259,10.0,0.704225352112676,0.0,0.704225352112676,0.704225352112676,0.704225352112676,0.704225352112676,0.704225352112676,10.0,0.602409638554217,1.1702778228589004e-16,0.6024096385542169,0.6024096385542169,0.6024096385542169,0.6024096385542169,0.6024096385542169,10.0,0.980392156862745,1.1702778228589004e-16,0.9803921568627451,0.9803921568627451,0.9803921568627451,0.9803921568627451,0.9803921568627451,10.0,0.746268656716418,0.0,0.746268656716418,0.746268656716418,0.746268656716418,0.746268656716418,0.746268656716418,10.0,4.5,3.0276503540974917,0.0,2.25,4.5,6.75,9.0
health|6,10.0,0.7002461792941669,0.029623242556812104,0.6666666666666666,0.6776785714285715,0.6942084942084943,0.7219251336898396,0.75,10.0,0.8440886699507388,0.08290290612526595,0.6896551724137931,0.8275862068965517,0.8275862068965517,0.9107142857142857,0.9655172413793104,10.0,0.7641345454900149,0.04506374414286521,0.6779661016949152,0.75,0.7741935483870968,0.785816108339273,0.835820895522388,10.0,0.8140439209751639,0.013082018157865033,0.7941176470588235,0.8063679827613297,0.8110367892976589,0.8206802721088435,0.8356643356643356,10.0,0.9309429759429758,0.007581604591486464,0.918918918918919,0.923967923967924,0.9343629343629344,0.9345522720522721,0.9420849420849421,10.0,0.8685017836525347,0.007293525735510404,0.8576576576576577,0.8620071684587813,0.8683965863260688,0.8746663992469115,0.8775137111517367,10.0,1250.1,0.31622776601683794,1250.0,1250.0,1250.0,1250.0,1251.0,10.0,138.9,0.31622776601683794,138.0,139.0,139.0,139.0,139.0,10.0,259.2,0.4216370213557839,259.0,259.0,259.0,259.0,260.0,10.0,990.9,0.31622776601683794,990.0,991.0,991.0,991.0,991.0,10.0,28.8,0.4216370213557839,28.0,29.0,29.0,29.0,29.0,10.0,110.1,0.31622776601683794,110.0,110.0,110.0,110.0,111.0,10.0,0.5,0.0,0.5,0.5,0.5,0.5,0.5,10.0,4243.0,0.0,4243.0,4243.0,4243.0,4243.0,4243.0,10.0,0.819047619047619,0.0,0.819047619047619,0.819047619047619,0.819047619047619,0.819047619047619,0.819047619047619,10.0,0.8775510204081632,0.0,0.8775510204081632,0.8775510204081632,0.8775510204081632,0.8775510204081632,0.8775510204081632,10.0,0.8472906403940886,0.0,0.8472906403940886,0.8472906403940886,0.8472906403940886,0.8472906403940886,0.8472906403940886,10.0,0.8082191780821917,1.1702778228589004e-16,0.8082191780821918,0.8082191780821918,0.8082191780821918,0.8082191780821918,0.8082191780821918,10.0,0.9267015706806282,1.1702778228589004e-16,0.9267015706806283,0.9267015706806283,0.9267015706806283,0.9267015706806283,0.9267015706806283,10.0,0.8634146341463416,1.1702778228589004e-16,0.8634146341463415,0.8634146341463415,0.8634146341463415,0.8634146341463415,0.8634146341463415,10.0,4.5,3.0276503540974917,0.0,2.25,4.5,6.75,9.0
health|7,10.0,0.27715255332902394,0.06162577409204644,0.17647058823529413,0.23557692307692307,0.2833333333333333,0.3076923076923077,0.38461538461538464,10.0,0.715,0.16674997917707685,0.4,0.6,0.775,0.8,1.0,10.0,0.39621189268248097,0.08602021441698325,0.2727272727272727,0.3333333333333333,0.4,0.4444444444444444,0.5555555555555556,10.0,0.3389851936432118,0.033907749860876614,0.29770992366412213,0.31391803278688524,0.33198924731182794,0.3530593676548639,0.3958333333333333,10.0,0.8912121212121212,0.025461759439515133,0.8636363636363636,0.8715909090909091,0.8863636363636364,0.9034090909090908,0.9318181818181818,10.0,0.49012207466304075,0.03425585412781571,0.4431818181818182,0.4642906887666272,0.48455394816154307,0.5065953654188948,0.5454545454545454,10.0,1250.1,0.31622776601683794,1250.0,1250.0,1250.0,1250.0,1251.0,10.0,138.9,0.31622776601683794,138.0,139.0,139.0,139.0,139.0,10.0,44.1,0.31622776601683794,44.0,44.0,44.0,44.0,45.0,10.0,1206.0,0.0,1206.0,1206.0,1206.0,1206.0,1206.0,10.0,4.9,0.31622776601683794,4.0,5.0,5.0,5.0,5.0,10.0,134.0,0.0,134.0,134.0,134.0,134.0,134.0,10.0,0.5,0.0,0.5,0.5,0.5,0.5,0.5,10.0,4243.0,0.0,4243.0,4243.0,4243.0,4243.0,4243.0,10.0,0.5454545454545453,1.1702778228589004e-16,0.5454545454545454,0.5454545454545454,0.5454545454545454,0.5454545454545454,0.5454545454545454,10.0,0.7058823529411765,0.0,0.7058823529411765,0.7058823529411765,0.7058823529411765,0.7058823529411765,0.7058823529411765,10.0,0.6153846153846153,1.1702778228589004e-16,0.6153846153846154,0.6153846153846154,0.6153846153846154,0.6153846153846154,0.6153846153846154,10.0,0.4905660377358491,5.851389114294502e-17,0.49056603773584906,0.49056603773584906,0.49056603773584906,0.49056603773584906,0.49056603773584906,10.0,0.8125,0.0,0.8125,0.8125,0.8125,0.8125,0.8125,10.0,0.6117647058823529,1.1702778228589004e-16,0.611764705882353,0.611764705882353,0.611764705882353,0.611764705882353,0.611764705882353,10.0,4.5,3.0276503540974917,0.0,2.25,4.5,6.75,9.0
health|8,10.0,0.27770166505460625,0.15850800914483804,0.1,0.13221153846153846,0.27647058823529413,0.39375000000000004,0.5454545454545454,10.0,0.8133333333333332,0.214993539954628,0.3333333333333333,0.8,0.8,1.0,1.0,10.0,0.39778596923886234,0.19886352244830421,0.17777777777777778,0.21767241379310345,0.3899018232819074,0.5424242424242424,0.7058823529411765,10.0,0.3276397277148605,0.1374902788240075,0.1192214111922141,0.2209439528023599,0.3870967741935484,0.412463219840269,0.5052631578947369,10.0,0.9959183673469388,0.012907255755789318,0.9591836734693877,1.0,1.0,1.0,1.0,10.0,0.47816501047187315,0.16444497829654323,0.21304347826086956,0.3618673218673219,0.5581395348837209,0.5839475549255847,0.6713286713286714,10.0,1250.1,0.31622776601683794,1250.0,1250.0,1250.0,1250.0,1251.0,10.0,138.9,0.31622776601683794,138.0,139.0,139.0,139.0,139.0,10.0,48.6,0.5163977794943222,48.0,48.0,49.0,49.0,49.0,10.0,1201.5,0.5270462766947299,1201.0,1201.0,1201.5,1202.0,1202.0,10.0,5.4,0.5163977794943222,5.0,5.0,5.0,6.0,6.0,10.0,133.5,0.5270462766947299,133.0,133.0,133.5,134.0,134.0,10.0,0.5,0.0,0.5,0.5,0.5,0.5,0.5,10.0,4243.0,0.0,4243.0,4243.0,4243.0,4243.0,4243.0,10.0,0.48484848484848475,1.1702778228589004e-16,0.48484848484848486,0.48484848484848486,0.48484848484848486,0.48484848484848486,0.48484848484848486,10.0,0.888888888888889,1.1702778228589004e-16,0.8888888888888888,0.8888888888888888,0.8888888888888888,0.8888888888888888,0.8888888888888888,10.0,0.6274509803921567,1.1702778228589004e-16,0.6274509803921569,0.6274509803921569,0.6274509803921569,0.6274509803921569,0.6274509803921569,10.0,0.5932203389830508,0.0,0.5932203389830508,0.5932203389830508,0.5932203389830508,0.5932203389830508,0.5932203389830508,10.0,0.9722222222222221,1.1702778228589004e-16,0.9722222222222222,0.9722222222222222,0.9722222222222222,0.9722222222222222,0.9722222222222222,10.0,0.7368421052631577,1.1702778228589004e-16,0.7368421052631579,0.7368421052631579,0.7368421052631579,0.7368421052631579,0.7368421052631579,10.0,4.5,3.0276503540974917,0.0,2.25,4.5,6.75,9.0
health|9,10.0,0.6916666666666667,0.33804539836836217,0.0,0.5416666666666666,0.7083333333333333,1.0,1.0,10.0,0.6,0.2960647243216495,0.0,0.5,0.6666666666666666,0.6666666666666666,1.0,10.0,0.6128571428571429,0.2766102447727262,0.0,0.5178571428571428,0.6666666666666666,0.7666666666666667,1.0,10.0,0.7715120248979357,0.027839697916898803,0.7352941176470589,0.7426470588235294,0.78125,0.7862215909090908,0.8064516129032258,10.0,1.0,0.0,1.0,1.0,1.0,1.0,1.0,10.0,0.8707688713308694,0.017822418312269737,0.847457627118644,0.8522598870056497,0.8771929824561403,0.8803151947665775,0.8928571428571429,10.0,1250.1,0.31622776601683794,1250.0,1250.0,1250.0,1250.0,1251.0,10.0,138.9,0.31622776601683794,138.0,139.0,139.0,139.0,139.0,10.0,25.2,0.4216370213557839,25.0,25.0,25.0,25.0,26.0,10.0,1224.9,0.31622776601683794,1224.0,1225.0,1225.0,1225.0,1225.0,10.0,2.8,0.4216370213557839,2.0,3.0,3.0,3.0,3.0,10.0,136.1,0.31622776601683794,136.0,136.0,136.0,136.0,137.0,10.0,0.5,0.0,0.5,0.5,0.5,0.5,0.5,10.0,4243.0,0.0,4243.0,4243.0,4243.0,4243.0,4243.0,10.0,0.6363636363636365,1.1702778228589004e-16,0.6363636363636364,0.6363636363636364,0.6363636363636364,0.6363636363636364,0.6363636363636364,10.0,0.7,0.0,0.7,0.7,0.7,0.7,0.7,10.0,0.6666666666666667,1.1702778228589004e-16,0.6666666666666666,0.6666666666666666,0.6666666666666666,0.6666666666666666,0.6666666666666666,10.0,0.8181818181818181,1.1702778228589004e-16,0.8181818181818182,0.8181818181818182,0.8181818181818182,0.8181818181818182,0.8181818181818182,10.0,1.0,0.0,1.0,1.0,1.0,1.0,1.0,10.0,0.9,0.0,0.9,0.9,0.9,0.9,0.9,10.0,4.5,3.0276503540974917,0.0,2.25,4.5,6.75,9.0
rel_impacts|0,10.0,0.7887350663907597,0.03766608654192836,0.717391304347826,0.770040924410207,0.7844615384615385,0.822687728937729,0.8346456692913385,10.0,0.8462117919745038,0.03926970756685735,0.7627118644067796,0.8315406345067362,0.8504273504273504,0.8686440677966102,0.8983050847457628,10.0,0.8157493515566274,0.029726991947828352,0.7764705882352941,0.7958445351654553,0.8146654719235364,0.8261599511599512,0.8653061224489796,10.0,0.8878658876109883,0.010456734372239174,0.8641765704584041,0.8852270133743134,0.8889969592495622,0.8912548643276418,0.9063336306868867,10.0,0.9540256026511305,0.006799618003049421,0.9442870632672332,0.9485474905125876,0.954695155629198,0.9601319329378017,0.9612842304060434,10.0,0.9197099080847956,0.005788672064011931,0.9101475189986589,0.9171616492758737,0.9184493324408329,0.921748341180326,0.9321100917431193,10.0,2357.1,0.31622776601683794,2357.0,2357.0,2357.0,2357.0,2358.0,10.0,261.9,0.31622776601683794,261.0,262.0,262.0,262.0,262.0,10.0,1059.3,0.48304589153964794,1059.0,1059.0,1059.0,1059.75,1060.0,10.0,1297.8,0.42163702135578396,1297.0,1298.0,1298.0,1298.0,1298.0,10.0,117.7,0.48304589153964794,117.0,117.25,118.0,118.0,118.0,10.0,144.2,0.4216370213557839,144.0,144.0,144.0,144.0,145.0,10.0,0.5,0.0,0.5,0.5,0.5,0.5,0.5,10.0,4243.0,0.0,4243.0,4243.0,4243.0,4243.0,4243.0,10.0,0.7980295566502463,0.0,0.7980295566502463,0.7980295566502463,0.7980295566502463,0.7980295566502463,0.7980295566502463,10.0,0.8100000000000002,1.1702778228589004e-16,0.81,0.81,0.81,0.81,0.81,10.0,0.8039702233250621,0.0,0.8039702233250621,0.8039702233250621,0.8039702233250621,0.8039702233250621,0.8039702233250621,10.0,0.9241466498103665,1.1702778228589004e-16,0.9241466498103666,0.9241466498103666,0.9241466498103666,0.9241466498103666,0.9241466498103666,10.0,0.9407979407979408,0.0,0.9407979407979408,0.9407979407979408,0.9407979407979408,0.9407979407979408,0.9407979407979408,10.0,0.9323979591836734,1.1702778228589004e-16,0.9323979591836735,0.9323979591836735,0.9323979591836735,0.9323979591836735,0.9323979591836735,10.0,4.5,3.0276503540974917,0.0,2.25,4.5,6.75,9.0
rel_impacts|1,10.0,0.8700953395084108,0.033986949230718766,0.8226950354609929,0.8379799344009261,0.8824675324675324,0.8960139142335767,0.9180327868852459,10.0,0.8190613026819923,0.034270252438126717,0.7655172413793103,0.791044061302682,0.8229166666666667,0.8524305555555556,0.8541666666666666,10.0,0.8432457210049293,0.025434110769265342,0.7956989247311828,0.8361638361638362,0.8417422867513611,0.8616044090630741,0.8754448398576512,10.0,0.9514948762136344,0.008219596782921773,0.938610662358643,0.9467424575055199,0.9508938368534762,0.9589542299972525,0.9628975265017667,10.0,0.8784113035534176,0.01746341825765643,0.8397534668721109,0.87268875192604,0.8782261542281405,0.8886748844375962,0.9036237471087124,10.0,0.9133568650385545,0.008063557874380465,0.897119341563786,0.9093101432329728,0.9158524520732945,0.9169760964322637,0.9264822134387352,10.0,2357.1,0.31622776601683794,2357.0,2357.0,2357.0,2357.0,2358.0,10.0,261.9,0.31622776601683794,261.0,262.0,262.0,262.0,262.0,10.0,1297.8,0.42163702135578396,1297.0,1298.0,1298.0,1298.0,1298.0,10.0,1059.3,0.48304589153964794,1059.0,1059.0,1059.0,1059.75,1060.0,10.0,144.2,0.4216370213557839,144.0,144.0,144.0,144.0,145.0,10.0,117.7,0.48304589153964794,117.0,117.25,118.0,118.0,118.0,10.0,0.5,0.0,0.5,0.5,0.5,0.5,0.5,10.0,4243.0,0.0,4243.0,4243.0,4243.0,4243.0,4243.0,10.0,0.8672376873661671,1.1702778228589004e-16,0.867237687366167,0.867237687366167,0.867237687366167,0.867237687366167,0.867237687366167,10.0,0.8231707317073169,1.1702778228589004e-16,0.823170731707317,0.823170731707317,0.823170731707317,0.823170731707317,0.823170731707317,10.0,0.8446298227320124,1.1702778228589004e-16,0.8446298227320125,0.8446298227320125,0.8446298227320125,0.8446298227320125,0.8446298227320125,10.0,0.9188888888888889,0.0,0.9188888888888889,0.9188888888888889,0.9188888888888889,0.9188888888888889,0.9188888888888889,10.0,0.8677859391395593,0.0,0.8677859391395593,0.8677859391395593,0.8677859391395593,0.8677859391395593,0.8677859391395593,10.0,0.8926065839179709,0.0,0.8926065839179709,0.8926065839179709,0.8926065839179709,0.8926065839179709,0.8926065839179709,10.0,4.5,3.0276503540974917,0.0,2.25,4.5,6.75,9.0
rel_major|0,10.0,0.9024655055233668,0.03193155469049223,0.8526315789473684,0.8775991792065664,0.9033706211362967,0.9197526737967914,0.9493670886075949,10.0,0.6448155533399801,0.04311658840014007,0.5546218487394958,0.6315873807149979,0.6455633100697906,0.6757584389688078,0.7033898305084746,10.0,0.7514782651223706,0.03485781217799318,0.676923076923077,0.7359726060314791,0.7558914462384061,0.7667100097521942,0.8058252427184466,10.0,0.9862148484790426,0.0028060216610809514,0.9811946902654868,0.9849499031742022,0.9863396050380967,0.9883328587699317,0.9905100830367735,10.0,0.8100318966926963,0.014296223575750496,0.7833020637898687,0.8061871495364078,0.8143459507553046,0.8174356131673205,0.831302717900656,10.0,0.8894103975796931,0.008213710519507757,0.8748035620743845,0.8863696690322216,0.8930590976953887,0.8941289298771755,0.900050735667174,10.0,2108.7,0.48304589153964794,2108.0,2108.25,2109.0,2109.0,2109.0,10.0,234.3,0.48304589153964794,234.0,234.0,234.0,234.75,235.0,10.0,1066.5,0.5270462766947299,1066.0,1066.0,1066.5,1067.0,1067.0,10.0,1042.2,0.42163702135578396,1042.0,1042.0,1042.0,1042.0,1043.0,10.0,118.5,0.5270462766947299,118.0,118.0,118.5,119.0,119.0,10.0,115.8,0.4216370213557839,115.0,116.0,116.0,116.0,116.0,10.0,0.5,0.0,0.5,0.5,0.5,0.5,0.5,10.0,4243.0,0.0,4243.0,4243.0,4243.0,4243.0,4243.0,10.0,0.8917197452229301,1.1702778228589004e-16,0.89171974522293,0.89171974522293,0.89171974522293,0.89171974522293,0.89171974522293,10.0,0.6913580246913579,1.1702778228589004e-16,0.691358024691358,0.691358024691358,0.691358024691358,0.691358024691358,0.691358024691358,10.0,0.7788595271210015,1.1702778228589004e-16,0.7788595271210014,0.7788595271210014,0.7788595271210014,0.7788595271210014,0.7788595271210014,10.0,0.9835820895522389,1.1702778228589004e-16,0.9835820895522388,0.9835820895522388,0.9835820895522388,0.9835820895522388,0.9835820895522388,10.0,0.8384223918575063,0.0,0.8384223918575063,0.8384223918575063,0.8384223918575063,0.8384223918575063,0.8384223918575063,10.0,0.9052197802197803,1.1702778228589004e-16,0.9052197802197802,0.9052197802197802,0.9052197802197802,0.9052197802197802,0.9052197802197802,10.0,4.5,3.0276503540974917,0.0,2.25,4.5,6.75,9.0
rel_major|1,10.0,0.7333213605652775,0.018452830000181657,0.7,0.7259823359769286,0.7344798059083774,0.7385693549850313,0.762589928057554,10.0,0.9291904047976012,0.01716742426411201,0.9051724137931034,0.915948275862069,0.9267241379310345,0.9436281859070464,0.9568965517241379,10.0,0.8195716656169992,0.014318714073538526,0.7924528301886793,0.8123065813905509,0.8210941490267295,0.8296362819937135,0.8416988416988417,10.0,0.8452618305497055,0.013786615007163276,0.8311582381729201,0.8348616168827803,0.8431071716181946,0.8483412078283211,0.8765112262521589,10.0,0.9799459149102967,0.005550057786244612,0.972168905950096,0.9757677543186181,0.9793767240887519,0.9836962622583976,0.9884836852207294,10.0,0.9075557884950518,0.006973902897213245,0.8985890652557319,0.9032311520191412,0.9063395572885528,0.9105952574102716,0.9227272727272727,10.0,2108.7,0.48304589153964794,2108.0,2108.25,2109.0,2109.0,2109.0,10.0,234.3,0.48304589153964794,234.0,234.0,234.0,234.75,235.0,10.0,1042.2,0.42163702135578396,1042.0,1042.0,1042.0,1042.0,1043.0,10.0,1066.5,0.5270462766947299,1066.0,1066.0,1066.5,1067.0,1067.0,10.0,115.8,0.4216370213557839,115.0,116.0,116.0,116.0,116.0,10.0,118.5,0.5270462766947299,118.0,118.0,118.5,119.0,119.0,10.0,0.5,0.0,0.5,0.5,0.5,0.5,0.5,10.0,4243.0,0.0,4243.0,4243.0,4243.0,4243.0,4243.0,10.0,0.7387755102040817,1.1702778228589004e-16,0.7387755102040816,0.7387755102040816,0.7387755102040816,0.7387755102040816,0.7387755102040816,10.0,0.9187817258883249,0.0,0.9187817258883249,0.9187817258883249,0.9187817258883249,0.9187817258883249,0.9187817258883249,10.0,0.8190045248868778,0.0,0.8190045248868778,0.8190045248868778,0.8190045248868778,0.8190045248868778,0.8190045248868778,10.0,0.8289183222958056,1.1702778228589004e-16,0.8289183222958058,0.8289183222958058,0.8289183222958058,0.8289183222958058,0.8289183222958058,10.0,0.9829842931937172,1.1702778228589004e-16,0.9829842931937173,0.9829842931937173,0.9829842931937173,0.9829842931937173,0.9829842931937173,10.0,0.8994011976047904,0.0,0.8994011976047904,0.8994011976047904,0.8994011976047904,0.8994011976047904,0.8994011976047904,10.0,4.5,3.0276503540974917,0.0,2.25,4.5,6.75,9.0
type|0,10.0,1.0,0.0,1.0,1.0,1.0,1.0,1.0,10.0,0.61,0.2633122354417533,0.25,0.5,0.6,0.75,1.0,10.0,0.7272222222222222,0.210288357774837,0.4,0.6666666666666666,0.75,0.8541666666666666,1.0,10.0,1.0,0.0,1.0,1.0,1.0,1.0,1.0,10.0,0.6896341463414635,0.1411684500782951,0.43902439024390244,0.644359756097561,0.675,0.8048780487804877,0.875,10.0,0.8085608038564531,0.103459375639381,0.6101694915254238,0.7835820895522388,0.8059701492537313,0.8912676056338028,0.9333333333333333,10.0,55.8,0.4216370213557839,55.0,56.0,56.0,56.0,56.0,10.0,6.2,0.4216370213557839,6.0,6.0,6.0,6.0,7.0,10.0,40.5,0.5270462766947299,40.0,40.0,40.5,41.0,41.0,10.0,15.3,0.4830458915396479,15.0,15.0,15.0,15.75,16.0,10.0,4.5,0.5270462766947299,4.0,4.0,4.5,5.0,5.0,10.0,1.7,0.4830458915396479,1.0,1.25,2.0,2.0,2.0,10.0,0.5,0.0,0.5,0.5,0.5,0.5,0.5,10.0,4243.0,0.0,4243.0,4243.0,4243.0,4243.0,4243.0,10.0,0.9411764705882353,0.0,0.9411764705882353,0.9411764705882353,0.9411764705882353,0.9411764705882353,0.9411764705882353,10.0,1.0,0.0,1.0,1.0,1.0,1.0,1.0,10.0,0.9696969696969695,2.340555645717801e-16,0.9696969696969697,0.9696969696969697,0.9696969696969697,0.9696969696969697,0.9696969696969697,10.0,1.0,0.0,1.0,1.0,1.0,1.0,1.0,10.0,0.9655172413793103,1.1702778228589004e-16,0.9655172413793104,0.9655172413793104,0.9655172413793104,0.9655172413793104,0.9655172413793104,10.0,0.982456140350877,1.1702778228589004e-16,0.9824561403508771,0.9824561403508771,0.9824561403508771,0.9824561403508771,0.9824561403508771,10.0,4.5,3.0276503540974917,0.0,2.25,4.5,6.75,9.0
