iso2,iso3,iso_num,Name (Lancet 2025),Name (Lancet 2026),Name (ISO short),Name (ISO long),Name (UN),Group (Lancet 2025),Group (Lancet 2026),Region (WHO 2025),Group (WHO 2026),Group (HDI 2025),Group (HDI 2026),"Region (IPCC AR6, 6)","Region (IPCC AR6, 10)",Continent (Name),Continent (Code)
AW,ABW,533.0,Aruba,Aruba,Aruba,Aruba,Aruba,SIDS,SIDS,Americas,Americas,,,Latin America and Caribbean,Latin America and Caribbean,North America,NA
AF,AFG,4.0,Afghanistan,Afghanistan,Afghanistan,Afghanistan,"Afghanistan, Islamic Republic of",Asia,Asia,Eastern Mediterranean,Eastern Mediterranean,Low,Low,Asia and developing Pacific,Southern Asia,Asia,AS
AO,AGO,24.0,Angola,Angola,Angola,Angola,"Angola, Republic of",Africa,Africa,Africa,Africa,Medium,Medium,Africa,Africa,Africa,AF
AI,AIA,660.0,Anguilla,Anguilla,Anguilla,Anguilla,Anguilla,SIDS,SIDS,Americas,Americas,,,Latin America and Caribbean,Latin America and Caribbean,North America,NA
AX,ALA,248.0,,,Åland Islands,Åland Islands,Åland Islands,,,,,,,Developed Countries,Europe,Europe,EU
AL,ALB,8.0,Albania,Albania,Albania,Albania,"Albania, Republic of",Europe,Europe,Europe,Europe,High,Very High,Developed Countries,Europe,Europe,EU
AD,AND,20.0,Andorra,Andorra,Andorra,Andorra,"Andorra, Principality of",Europe,Europe,Europe,Europe,Very High,Very High,Developed Countries,Europe,Europe,EU
AN,ANT,530.0,,,Netherlands Antilles,Netherlands Antilles,Netherlands Antilles,,,,,,,Latin America and Caribbean,Latin America and Caribbean,North America,NA
AE,ARE,784.0,United Arab Emirates,United Arab Emirates,United Arab Emirates,United Arab Emirates,United Arab Emirates,Asia,Asia,Eastern Mediterranean,Eastern Mediterranean,Very High,Very High,Middle East,Middle East,Asia,AS
AR,ARG,32.0,Argentina,Argentina,Argentina,Argentina,"Argentina, Argentine Republic",Latin America,Latin America,Americas,Americas,Very High,Very High,Latin America and Caribbean,Latin America and Caribbean,South America,SA
AM,ARM,51.0,Armenia,Armenia,Armenia,Armenia,"Armenia, Republic of",Asia,Asia,Europe,Europe,High,Very High,Eastern Europe and Central Asia,Eastern Europe and Central Asia,Europe,EU
AM,ARM,51.0,Armenia,Armenia,Armenia,Armenia,"Armenia, Republic of",Asia,Asia,Europe,Europe,High,Very High,Eastern Europe and Central Asia,Eastern Europe and Central Asia,Asia,AS
AS,ASM,16.0,American Samoa (USA),American Samoa (USA),American Samoa,American Samoa,American Samoa,SIDS,SIDS,Western Pacific,Western Pacific,,,Asia and developing Pacific,South-East Asia and Pacific,Oceania,OC
AQ,ATA,10.0,,,Antarctica,Antarctica,Antarctica (the territory South of 60 deg S),,,,,,,,,Antarctica,AN
TF,ATF,260.0,,,French Southern Territories,French Southern Territories,French Southern Territories,,,,,,,Africa,Africa,Antarctica,AN
AG,ATG,28.0,Antigua and Barbuda,Antigua and Barbuda,Antigua and Barbuda,Antigua and Barbuda,Antigua and Barbuda,SIDS,SIDS,Americas,Americas,Very High,Very High,Latin America and Caribbean,Latin America and Caribbean,North America,NA
AU,AUS,36.0,Australia,Australia,Australia,Australia,"Australia, Commonwealth of",Oceania,Oceania,Western Pacific,Western Pacific,Very High,Very High,Developed Countries,"Australia, Japan, New Zealand",Oceania,OC
AT,AUT,40.0,Austria,Austria,Austria,Austria,"Austria, Republic of",Europe,Europe,Europe,Europe,Very High,Very High,Developed Countries,Europe,Europe,EU
AZ,AZE,31.0,Azerbaijan,Azerbaijan,Azerbaijan,Azerbaijan,"Azerbaijan, Republic of",Asia,Asia,Europe,Europe,High,High,Eastern Europe and Central Asia,Eastern Europe and Central Asia,Europe,EU
AZ,AZE,31.0,Azerbaijan,Azerbaijan,Azerbaijan,Azerbaijan,"Azerbaijan, Republic of",Asia,Asia,Europe,Europe,High,High,Eastern Europe and Central Asia,Eastern Europe and Central Asia,Asia,AS
BI,BDI,108.0,Burundi,Burundi,Burundi,Burundi,"Burundi, Republic of",Africa,Africa,Africa,Africa,Low,Low,Africa,Africa,Africa,AF
BE,BEL,56.0,Belgium,Belgium,Belgium,Belgium,"Belgium, Kingdom of",Europe,Europe,Europe,Europe,Very High,Very High,Developed Countries,Europe,Europe,EU
BJ,BEN,204.0,Benin,Benin,Benin,Benin,"Benin, Republic of",Africa,Africa,Africa,Africa,Low,Low,Africa,Africa,Africa,AF
BQ,BES,535.0,,,"Bonaire, Sint Eustatius and Saba","Bonaire, Sint Eustatius and Saba","Bonaire, Sint Eustatius and Saba",,,,,,,Latin America and Caribbean,Latin America and Caribbean,North America,NA
BF,BFA,854.0,Burkina Faso,Burkina Faso,Burkina Faso,Burkina Faso,Burkina Faso,Africa,Africa,Africa,Africa,Low,Low,Africa,Africa,Africa,AF
BD,BGD,50.0,Bangladesh,Bangladesh,Bangladesh,Bangladesh,"Bangladesh, People's Republic of",Asia,Asia,South-East Asia,South-East Asia,Medium,Medium,Asia and developing Pacific,Southern Asia,Asia,AS
BG,BGR,100.0,Bulgaria,Bulgaria,Bulgaria,Bulgaria,"Bulgaria, Republic of",Europe,Europe,Europe,Europe,High,Very High,Developed Countries,Europe,Europe,EU
BH,BHR,48.0,Bahrain,Bahrain,Bahrain,Bahrain,"Bahrain, Kingdom of",Asia,Asia,Eastern Mediterranean,Eastern Mediterranean,Very High,Very High,Middle East,Middle East,Asia,AS
BS,BHS,44.0,Bahamas,Bahamas,Bahamas,Bahamas (the),"Bahamas, Commonwealth of the",SIDS,SIDS,Americas,Americas,Very High,Very High,Latin America and Caribbean,Latin America and Caribbean,North America,NA
BA,BIH,70.0,Bosnia and Herzegovina,Bosnia and Herzegovina,Bosnia and Herzegovina,Bosnia and Herzegovina,Bosnia and Herzegovina,Europe,Europe,Europe,Europe,High,Very High,Developed Countries,Europe,Europe,EU
BL,BLM,652.0,,,Saint Barthélemy,Saint Barthélemy,Saint Barthelemy,,,,,,,Latin America and Caribbean,Latin America and Caribbean,North America,NA
BY,BLR,112.0,Belarus,Belarus,Belarus,Belarus,"Belarus, Republic of",Europe,Europe,Europe,Europe,Very High,Very High,Eastern Europe and Central Asia,Eastern Europe and Central Asia,Europe,EU
BZ,BLZ,84.0,Belize,Belize,Belize,Belize,Belize,SIDS,SIDS,Americas,Americas,High,High,Latin America and Caribbean,Latin America and Caribbean,North America,NA
BM,BMU,60.0,Bermuda,Bermuda,Bermuda,Bermuda,Bermuda,SIDS,SIDS,Americas,Americas,,,Developed Countries,North America,North America,NA
BO,BOL,68.0,Bolivia,Bolivia,Bolivia,Bolivia (Plurinational State of),"Bolivia, Republic of",Latin America,Latin America,Americas,Americas,Medium,High,Latin America and Caribbean,Latin America and Caribbean,South America,SA
BR,BRA,76.0,Brazil,Brazil,Brazil,Brazil,"Brazil, Federative Republic of",Latin America,Latin America,Americas,Americas,High,High,Latin America and Caribbean,Latin America and Caribbean,South America,SA
BB,BRB,52.0,Barbados,Barbados,Barbados,Barbados,Barbados,SIDS,SIDS,Americas,Americas,Very High,Very High,Latin America and Caribbean,Latin America and Caribbean,North America,NA
BN,BRN,96.0,Brunei Darussalam,Brunei Darussalam,Brunei Darussalam,Brunei Darussalam,Brunei Darussalam,Asia,Asia,Western Pacific,Western Pacific,Very High,Very High,Asia and developing Pacific,South-East Asia and Pacific,Asia,AS
BT,BTN,64.0,Bhutan,Bhutan,Bhutan,Bhutan,"Bhutan, Kingdom of",Asia,Asia,South-East Asia,South-East Asia,Medium,Medium,Asia and developing Pacific,Southern Asia,Asia,AS
BV,BVT,74.0,,,Bouvet Island,Bouvet Island,Bouvet Island (Bouvetoya),,,,,,,Latin America and Caribbean,Latin America and Caribbean,Antarctica,AN
BW,BWA,72.0,Botswana,Botswana,Botswana,Botswana,"Botswana, Republic of",Africa,Africa,Africa,Africa,High,High,Africa,Africa,Africa,AF
CF,CAF,140.0,Central African Republic,Central African Republic,Central African Republic,Central African Republic (the),Central African Republic,Africa,Africa,Africa,Africa,Low,Low,Africa,Africa,Africa,AF
CA,CAN,124.0,Canada,Canada,Canada,Canada,Canada,Northern America,Northern America,Americas,Americas,Very High,Very High,Developed Countries,North America,North America,NA
CC,CCK,166.0,,,Cocos (Keeling) Islands,Cocos (Keeling) Islands (the),Cocos (Keeling) Islands,,,,,,,Developed Countries,"Australia, Japan, New Zealand",Asia,AS
CH,CHE,756.0,Switzerland,Switzerland,Switzerland,Switzerland,"Switzerland, Swiss Confederation",Europe,Europe,Europe,Europe,Very High,Very High,Developed Countries,Europe,Europe,EU
CL,CHL,152.0,Chile,Chile,Chile,Chile,"Chile, Republic of",Latin America,Latin America,Americas,Americas,Very High,Very High,Latin America and Caribbean,Latin America and Caribbean,South America,SA
CN,CHN,156.0,China,China,China,China,"China, People's Republic of",Asia,Asia,Western Pacific,Western Pacific,High,High,Asia and developing Pacific,Eastern Asia,Asia,AS
CI,CIV,384.0,Cote d'Ivoire,Cote d'Ivoire,Côte d'Ivoire,Côte d'Ivoire,"Cote d'Ivoire, Republic of",Africa,Africa,Africa,Africa,Low,Medium,Africa,Africa,Africa,AF
CM,CMR,120.0,Cameroon,Cameroon,Cameroon,Cameroon,"Cameroon, Republic of",Africa,Africa,Africa,Africa,Medium,Medium,Africa,Africa,Africa,AF
CD,COD,180.0,Democratic Republic of the Congo,Democratic Republic of the Congo,"Congo, Dem. Rep.",Congo (the Democratic Republic of the),"Congo, Democratic Republic of the",Africa,Africa,Africa,Africa,Low,Low,Africa,Africa,Africa,AF
CG,COG,178.0,Congo,Congo,"Congo, Rep.",Congo (the),"Congo, Republic of the",Africa,Africa,Africa,Africa,Medium,Medium,Africa,Africa,Africa,AF
CK,COK,184.0,Cook Islands,Cook Islands,Cook Islands,Cook Islands (the),Cook Islands,SIDS,SIDS,Western Pacific,Western Pacific,,,Asia and developing Pacific,South-East Asia and Pacific,Oceania,OC
CO,COL,170.0,Colombia,Colombia,Colombia,Colombia,"Colombia, Republic of",Latin America,Latin America,Americas,Americas,High,High,Latin America and Caribbean,Latin America and Caribbean,South America,SA
KM,COM,174.0,Comoros,Comoros,Comoros,Comoros (the),"Comoros, Union of the",SIDS,SIDS,Africa,Africa,Medium,Medium,Africa,Africa,Africa,AF
CV,CPV,132.0,Cabo Verde,Cabo Verde,Cabo Verde,Cabo Verde,"Cape Verde, Republic of",SIDS,SIDS,Africa,Africa,Medium,Medium,Africa,Africa,Africa,AF
CR,CRI,188.0,Costa Rica,Costa Rica,Costa Rica,Costa Rica,"Costa Rica, Republic of",Latin America,Latin America,Americas,Americas,Very High,Very High,Latin America and Caribbean,Latin America and Caribbean,North America,NA
CU,CUB,192.0,Cuba,Cuba,Cuba,Cuba,"Cuba, Republic of",SIDS,SIDS,Americas,Americas,High,High,Latin America and Caribbean,Latin America and Caribbean,North America,NA
CW,CUW,531.0,Curaçao,Curaçao,Curaçao,Curaçao,Curaçao,SIDS,SIDS,Americas,Americas,,,Latin America and Caribbean,Latin America and Caribbean,North America,NA
CX,CXR,162.0,,,Christmas Island,Christmas Island,Christmas Island,,,,,,,Developed Countries,"Australia, Japan, New Zealand",Asia,AS
KY,CYM,136.0,Cayman Islands,Cayman Islands,Cayman Islands,Cayman Islands (the),Cayman Islands,SIDS,SIDS,Americas,Americas,,,Latin America and Caribbean,Latin America and Caribbean,North America,NA
CY,CYP,196.0,Cyprus,Cyprus,Cyprus,Cyprus,"Cyprus, Republic of",Asia,Asia,Europe,Europe,Very High,Very High,Developed Countries,Europe,Europe,EU
CY,CYP,196.0,Cyprus,Cyprus,Cyprus,Cyprus,"Cyprus, Republic of",Asia,Asia,Europe,Europe,Very High,Very High,Developed Countries,Europe,Asia,AS
CZ,CZE,203.0,Czechia,Czechia,Czechia,Czech Republic,Czech Republic,Europe,Europe,Europe,Europe,Very High,Very High,Developed Countries,Europe,Europe,EU
DE,DEU,276.0,Germany,Germany,Germany,Germany,"Germany, Federal Republic of",Europe,Europe,Europe,Europe,Very High,Very High,Developed Countries,Europe,Europe,EU
DJ,DJI,262.0,Djibouti,Djibouti,Djibouti,Djibouti,"Djibouti, Republic of",Africa,Africa,Eastern Mediterranean,Eastern Mediterranean,Low,Low,Africa,Africa,Africa,AF
DM,DMA,212.0,Dominica,Dominica,Dominica,Dominica,"Dominica, Commonwealth of",SIDS,SIDS,Americas,Americas,High,High,Latin America and Caribbean,Latin America and Caribbean,North America,NA
DK,DNK,208.0,Denmark,Denmark,Denmark,Denmark,"Denmark, Kingdom of",Europe,Europe,Europe,Europe,Very High,Very High,Developed Countries,Europe,Europe,EU
DO,DOM,214.0,Dominican Republic,Dominican Republic,Dominican Republic,Dominican Republic (the),Dominican Republic,SIDS,SIDS,Americas,Americas,High,High,Latin America and Caribbean,Latin America and Caribbean,North America,NA
DZ,DZA,12.0,Algeria,Algeria,Algeria,Algeria,"Algeria, People's Democratic Republic of",Africa,Africa,Africa,Africa,High,High,Africa,Africa,Africa,AF
EC,ECU,218.0,Ecuador,Ecuador,Ecuador,Ecuador,"Ecuador, Republic of",Latin America,Latin America,Americas,Americas,High,High,Latin America and Caribbean,Latin America and Caribbean,South America,SA
EG,EGY,818.0,Egypt,Egypt,Egypt,"Egypt, Arab Republic","Egypt, Arab Republic of",Africa,Africa,Eastern Mediterranean,Eastern Mediterranean,High,High,Africa,Africa,Africa,AF
ER,ERI,232.0,Eritrea,Eritrea,Eritrea,Eritrea,"Eritrea, State of",Africa,Africa,Africa,Africa,Low,Low,Africa,Africa,Africa,AF
EH,ESH,732.0,,,Western Sahara,Western Sahara,Western Sahara,,,,,,,Africa,Africa,Africa,AF
ES,ESP,724.0,Spain,Spain,Spain,Spain,"Spain, Kingdom of",Europe,Europe,Europe,Europe,Very High,Very High,Developed Countries,Europe,Europe,EU
EE,EST,233.0,Estonia,Estonia,Estonia,Estonia,"Estonia, Republic of",Europe,Europe,Europe,Europe,Very High,Very High,Developed Countries,Europe,Europe,EU
ET,ETH,231.0,Ethiopia,Ethiopia,Ethiopia,Ethiopia,"Ethiopia, Federal Democratic Republic of",Africa,Africa,Africa,Africa,Low,Low,Africa,Africa,Africa,AF
FI,FIN,246.0,Finland,Finland,Finland,Finland,"Finland, Republic of",Europe,Europe,Europe,Europe,Very High,Very High,Developed Countries,Europe,Europe,EU
FJ,FJI,242.0,Fiji,Fiji,Fiji,Fiji,"Fiji, Republic of the Fiji Islands",SIDS,SIDS,Western Pacific,Western Pacific,High,High,Asia and developing Pacific,South-East Asia and Pacific,Oceania,OC
FK,FLK,238.0,,,Falkland Islands (Malvinas),Falkland Islands (the) [Malvinas],Falkland Islands (Malvinas),,,,,,,Latin America and Caribbean,Latin America and Caribbean,South America,SA
FR,FRA,250.0,France,France,France,France,"France, French Republic",Europe,Europe,Europe,Europe,Very High,Very High,Developed Countries,Europe,Europe,EU
FO,FRO,234.0,,,Faroe Islands,Faroe Islands (the),Faroe Islands,,,,,,,Developed Countries,Europe,Europe,EU
FM,FSM,583.0,Federated States of Micronesia,Federated States of Micronesia,"Micronesia, Fed. Sts.",Micronesia (Federated States of),"Micronesia, Federated States of",SIDS,SIDS,Western Pacific,Western Pacific,Medium,Medium,Asia and developing Pacific,South-East Asia and Pacific,Oceania,OC
GA,GAB,266.0,Gabon,Gabon,Gabon,Gabon,"Gabon, Gabonese Republic",Africa,Africa,Africa,Africa,Medium,High,Africa,Africa,Africa,AF
GB,GBR,826.0,United Kingdom,United Kingdom,United Kingdom,United Kingdom of Great Britain and Northern Ireland (the),United Kingdom of Great Britain & Northern Ireland,Europe,Europe,Europe,Europe,Very High,Very High,Developed Countries,Europe,Europe,EU
GE,GEO,268.0,Georgia,Georgia,Georgia,Georgia,Georgia,Asia,Asia,Europe,Europe,Very High,Very High,Eastern Europe and Central Asia,Eastern Europe and Central Asia,Europe,EU
GE,GEO,268.0,Georgia,Georgia,Georgia,Georgia,Georgia,Asia,Asia,Europe,Europe,Very High,Very High,Eastern Europe and Central Asia,Eastern Europe and Central Asia,Asia,AS
GG,GGY,831.0,,,Guernsey,Guernsey,"Guernsey, Bailiwick of",,,,,,,Developed Countries,Europe,Europe,EU
GH,GHA,288.0,Ghana,Ghana,Ghana,Ghana,"Ghana, Republic of",Africa,Africa,Africa,Africa,Medium,Medium,Africa,Africa,Africa,AF
GI,GIB,292.0,,,Gibraltar,Gibraltar,Gibraltar,,,,,,,Developed Countries,Europe,Europe,EU
GN,GIN,324.0,Guinea,Guinea,Guinea,Guinea,"Guinea, Republic of",Africa,Africa,Africa,Africa,Low,Low,Africa,Africa,Africa,AF
GP,GLP,312.0,Guadeloupe,Guadeloupe,Guadeloupe,Guadeloupe,Guadeloupe,SIDS,SIDS,Americas,Americas,,,Latin America and Caribbean,Latin America and Caribbean,North America,NA
GM,GMB,270.0,Gambia,Gambia,Gambia,Gambia (the),"Gambia, Republic of the",Africa,Africa,Africa,Africa,Low,Low,Africa,Africa,Africa,AF
GW,GNB,624.0,Guinea Bissau,Guinea Bissau,Guinea-Bissau,Guinea-Bissau,"Guinea-Bissau, Republic of",SIDS,SIDS,Africa,Africa,Low,Low,Africa,Africa,Africa,AF
GQ,GNQ,226.0,Equatorial Guinea,Equatorial Guinea,Equatorial Guinea,Equatorial Guinea,"Equatorial Guinea, Republic of",Africa,Africa,Africa,Africa,Medium,Medium,Africa,Africa,Africa,AF
GR,GRC,300.0,Greece,Greece,Greece,Greece,"Greece, Hellenic Republic",Europe,Europe,Europe,Europe,Very High,Very High,Developed Countries,Europe,Europe,EU
GD,GRD,308.0,Grenada,Grenada,Grenada,Grenada,Grenada,SIDS,SIDS,Americas,Americas,High,High,Latin America and Caribbean,Latin America and Caribbean,North America,NA
GL,GRL,304.0,,,Greenland,Greenland,Greenland,,,,,,,Developed Countries,North America,North America,NA
GT,GTM,320.0,Guatemala,Guatemala,Guatemala,Guatemala,"Guatemala, Republic of",Latin America,Latin America,Americas,Americas,Medium,Medium,Latin America and Caribbean,Latin America and Caribbean,North America,NA
GF,GUF,254.0,French Guiana,French Guiana,French Guiana,French Guiana,French Guiana,Latin America,Latin America,Americas,Americas,,,Latin America and Caribbean,Latin America and Caribbean,South America,SA
GU,GUM,316.0,Guam (USA),Guam (USA),Guam,Guam,Guam,SIDS,SIDS,Western Pacific,Western Pacific,,,Asia and developing Pacific,South-East Asia and Pacific,Oceania,OC
GY,GUY,328.0,Guyana,Guyana,Guyana,Guyana,"Guyana, Co-operative Republic of",SIDS,SIDS,Americas,Americas,High,High,Latin America and Caribbean,Latin America and Caribbean,South America,SA
HK,HKG,344.0,Hong Kong SAR (China),Hong Kong SAR (China),Hong Kong,"Hong Kong SAR, China","Hong Kong, Special Administrative Region of China",Asia,Asia,Western Pacific,Western Pacific,,,Asia and developing Pacific,Eastern Asia,Asia,AS
HM,HMD,334.0,,,Heard Island and McDonald Islands,Heard Island and McDonald Islands,Heard Island and McDonald Islands,,,,,,,Developed Countries,"Australia, Japan, New Zealand",Antarctica,AN
HN,HND,340.0,Honduras,Honduras,Honduras,Honduras,"Honduras, Republic of",Latin America,Latin America,Americas,Americas,Medium,Medium,Latin America and Caribbean,Latin America and Caribbean,North America,NA
HR,HRV,191.0,Croatia,Croatia,Croatia,Croatia,"Croatia, Republic of",Europe,Europe,Europe,Europe,Very High,Very High,Developed Countries,Europe,Europe,EU
HT,HTI,332.0,Haiti,Haiti,Haiti,Haiti,"Haiti, Republic of",SIDS,SIDS,Americas,Americas,Medium,Medium,Latin America and Caribbean,Latin America and Caribbean,North America,NA
HU,HUN,348.0,Hungary,Hungary,Hungary,Hungary,"Hungary, Republic of",Europe,Europe,Europe,Europe,Very High,Very High,Developed Countries,Europe,Europe,EU
ID,IDN,360.0,Indonesia,Indonesia,Indonesia,Indonesia,"Indonesia, Republic of",Asia,Asia,South-East Asia,Western Pacific,High,High,Asia and developing Pacific,South-East Asia and Pacific,Asia,AS
IM,IMN,833.0,,,Isle of Man,Isle of Man,Isle of Man,,,,,,,Developed Countries,Europe,Europe,EU
IN,IND,356.0,India,India,India,India,"India, Republic of",Asia,Asia,South-East Asia,South-East Asia,Medium,Medium,Asia and developing Pacific,Southern Asia,Asia,AS
IO,IOT,86.0,,,British Indian Ocean Territory,British Indian Ocean Territory (the),British Indian Ocean Territory (Chagos Archipelago),,,,,,,Africa,Africa,Asia,AS
IE,IRL,372.0,Ireland,Ireland,Ireland,Ireland,Ireland,Europe,Europe,Europe,Europe,Very High,Very High,Developed Countries,Europe,Europe,EU
IR,IRN,364.0,Islamic Republic of Iran,Islamic Republic of Iran,Iran,Iran (Islamic Republic of),"Iran, Islamic Republic of",Asia,Asia,Eastern Mediterranean,Eastern Mediterranean,High,High,Middle East,Middle East,Asia,AS
IQ,IRQ,368.0,Iraq,Iraq,Iraq,Iraq,"Iraq, Republic of",Asia,Asia,Eastern Mediterranean,Eastern Mediterranean,Medium,Medium,Middle East,Middle East,Asia,AS
IS,ISL,352.0,Iceland,Iceland,Iceland,Iceland,"Iceland, Republic of",Europe,Europe,Europe,Europe,Very High,Very High,Developed Countries,Europe,Europe,EU
IL,ISR,376.0,Israel,Israel,Israel,Israel,"Israel, State of",Asia,Asia,Europe,Europe,Very High,Very High,Middle East,Middle East,Asia,AS
IT,ITA,380.0,Italy,Italy,Italy,Italy,"Italy, Italian Republic",Europe,Europe,Europe,Europe,Very High,Very High,Developed Countries,Europe,Europe,EU
JM,JAM,388.0,Jamaica,Jamaica,Jamaica,Jamaica,Jamaica,SIDS,SIDS,Americas,Americas,High,High,Latin America and Caribbean,Latin America and Caribbean,North America,NA
JE,JEY,832.0,,,Jersey,Jersey,"Jersey, Bailiwick of",,,,,,,Developed Countries,Europe,Europe,EU
JO,JOR,400.0,Jordan,Jordan,Jordan,Jordan,"Jordan, Hashemite Kingdom of",Asia,Asia,Eastern Mediterranean,Eastern Mediterranean,High,High,Middle East,Middle East,Asia,AS
JP,JPN,392.0,Japan,Japan,Japan,Japan,Japan,Asia,Asia,Western Pacific,Western Pacific,Very High,Very High,Developed Countries,"Australia, Japan, New Zealand",Asia,AS
KZ,KAZ,398.0,Kazakhstan,Kazakhstan,Kazakhstan,Kazakhstan,"Kazakhstan, Republic of",Asia,Asia,Europe,Europe,Very High,Very High,Eastern Europe and Central Asia,Eastern Europe and Central Asia,Europe,EU
KZ,KAZ,398.0,Kazakhstan,Kazakhstan,Kazakhstan,Kazakhstan,"Kazakhstan, Republic of",Asia,Asia,Europe,Europe,Very High,Very High,Eastern Europe and Central Asia,Eastern Europe and Central Asia,Asia,AS
KE,KEN,404.0,Kenya,Kenya,Kenya,Kenya,"Kenya, Republic of",Africa,Africa,Africa,Africa,Medium,Medium,Africa,Africa,Africa,AF
KG,KGZ,417.0,Kyrgyzstan,Kyrgyzstan,Kyrgyz Republic,Kyrgyzstan,Kyrgyz Republic,Asia,Asia,Europe,Europe,High,High,Eastern Europe and Central Asia,Eastern Europe and Central Asia,Asia,AS
KH,KHM,116.0,Cambodia,Cambodia,Cambodia,Cambodia,"Cambodia, Kingdom of",Asia,Asia,Western Pacific,Western Pacific,Medium,Medium,Asia and developing Pacific,South-East Asia and Pacific,Asia,AS
KI,KIR,296.0,Kiribati,Kiribati,Kiribati,Kiribati,"Kiribati, Republic of",SIDS,SIDS,Western Pacific,Western Pacific,Medium,Medium,Asia and developing Pacific,South-East Asia and Pacific,Oceania,OC
KN,KNA,659.0,Saint Kitts and Nevis,Saint Kitts and Nevis,St. Kitts and Nevis,Saint Kitts and Nevis,"Saint Kitts and Nevis, Federation of",SIDS,SIDS,Americas,Americas,Very High,Very High,Latin America and Caribbean,Latin America and Caribbean,North America,NA
KR,KOR,410.0,Republic of Korea,Republic of Korea,"Korea, Rep.",Korea (the Republic of),"Korea, Republic of",Asia,Asia,Western Pacific,Western Pacific,Very High,Very High,Asia and developing Pacific,Eastern Asia,Asia,AS
KW,KWT,414.0,Kuwait,Kuwait,Kuwait,Kuwait,"Kuwait, State of",Asia,Asia,Eastern Mediterranean,Eastern Mediterranean,Very High,Very High,Middle East,Middle East,Asia,AS
LA,LAO,418.0,Lao People's Democratic Republic,Lao People's Democratic Republic,Lao PDR,Lao People's Democratic Republic (the),Lao People's Democratic Republic,Asia,Asia,Western Pacific,Western Pacific,Medium,Medium,Asia and developing Pacific,South-East Asia and Pacific,Asia,AS
LB,LBN,422.0,Lebanon,Lebanon,Lebanon,Lebanon,"Lebanon, Lebanese Republic",Asia,Asia,Eastern Mediterranean,Eastern Mediterranean,High,High,Middle East,Middle East,Asia,AS
LR,LBR,430.0,Liberia,Liberia,Liberia,Liberia,"Liberia, Republic of",Africa,Africa,Africa,Africa,Low,Low,Africa,Africa,Africa,AF
LY,LBY,434.0,Libya,Libya,Libya,Libya,Libyan Arab Jamahiriya,Africa,Africa,Eastern Mediterranean,Eastern Mediterranean,High,High,Africa,Africa,Africa,AF
LC,LCA,662.0,Saint Lucia,Saint Lucia,St. Lucia,Saint Lucia,Saint Lucia,SIDS,SIDS,Americas,Americas,High,High,Latin America and Caribbean,Latin America and Caribbean,North America,NA
LI,LIE,438.0,Liechtenstein,Liechtenstein,Liechtenstein,Liechtenstein,"Liechtenstein, Principality of",Europe,Europe,,,Very High,Very High,Developed Countries,Europe,Europe,EU
LK,LKA,144.0,Sri Lanka,Sri Lanka,Sri Lanka,Sri Lanka,"Sri Lanka, Democratic Socialist Republic of",Asia,Asia,South-East Asia,South-East Asia,High,High,Asia and developing Pacific,Southern Asia,Asia,AS
LS,LSO,426.0,Lesotho,Lesotho,Lesotho,Lesotho,"Lesotho, Kingdom of",Africa,Africa,Africa,Africa,Low,Medium,Africa,Africa,Africa,AF
LT,LTU,440.0,Lithuania,Lithuania,Lithuania,Lithuania,"Lithuania, Republic of",Europe,Europe,Europe,Europe,Very High,Very High,Developed Countries,Europe,Europe,EU
LU,LUX,442.0,Luxembourg,Luxembourg,Luxembourg,Luxembourg,"Luxembourg, Grand Duchy of",Europe,Europe,Europe,Europe,Very High,Very High,Developed Countries,Europe,Europe,EU
LV,LVA,428.0,Latvia,Latvia,Latvia,Latvia,"Latvia, Republic of",Europe,Europe,Europe,Europe,Very High,Very High,Developed Countries,Europe,Europe,EU
MO,MAC,446.0,Macao SAR (China),Macao SAR (China),Macao,"Macao SAR, China","Macao, Special Administrative Region of China",Asia,Asia,Western Pacific,Western Pacific,,,Asia and developing Pacific,Eastern Asia,Asia,AS
MF,MAF,663.0,,,St. Martin (French part),Saint Martin (French part),Saint Martin,,,,,,,Latin America and Caribbean,Latin America and Caribbean,North America,NA
MA,MAR,504.0,Morocco,Morocco,Morocco,Morocco,"Morocco, Kingdom of",Africa,Africa,Eastern Mediterranean,Eastern Mediterranean,Medium,High,Africa,Africa,Africa,AF
MC,MCO,492.0,Monaco,Monaco,Monaco,Monaco,"Monaco, Principality of",Europe,Europe,Europe,Europe,,,Developed Countries,Europe,Europe,EU
MD,MDA,498.0,Republic of Moldova,Republic of Moldova,Moldova,Moldova (the Republic of),"Moldova, Republic of",Europe,Europe,Europe,Europe,High,High,Eastern Europe and Central Asia,Eastern Europe and Central Asia,Europe,EU
MG,MDG,450.0,Madagascar,Madagascar,Madagascar,Madagascar,"Madagascar, Republic of",Africa,Africa,Africa,Africa,Low,Low,Africa,Africa,Africa,AF
MV,MDV,462.0,Maldives,Maldives,Maldives,Maldives,"Maldives, Republic of",SIDS,SIDS,South-East Asia,South-East Asia,High,High,Asia and developing Pacific,Southern Asia,Asia,AS
MX,MEX,484.0,Mexico,Mexico,Mexico,Mexico,"Mexico, United Mexican States",Latin America,Latin America,Americas,Americas,High,High,Latin America and Caribbean,Latin America and Caribbean,North America,NA
MH,MHL,584.0,Marshall Islands,Marshall Islands,Marshall Islands,Marshall Islands (the),"Marshall Islands, Republic of the",SIDS,SIDS,Western Pacific,Western Pacific,High,High,Asia and developing Pacific,South-East Asia and Pacific,Oceania,OC
MK,MKD,807.0,North Macedonia,North Macedonia,North Macedonia,Republic of North Macedonia,"Macedonia, The Former Yugoslav Republic of",Europe,Europe,Europe,Europe,High,Very High,Developed Countries,Europe,Europe,EU
ML,MLI,466.0,Mali,Mali,Mali,Mali,"Mali, Republic of",Africa,Africa,Africa,Africa,Low,Low,Africa,Africa,Africa,AF
MT,MLT,470.0,Malta,Malta,Malta,Malta,"Malta, Republic of",Europe,Europe,Europe,Europe,Very High,Very High,Developed Countries,Europe,Europe,EU
MM,MMR,104.0,Myanmar,Myanmar,Myanmar,Myanmar,"Myanmar, Union of",Asia,Asia,South-East Asia,South-East Asia,Medium,Medium,Asia and developing Pacific,South-East Asia and Pacific,Asia,AS
ME,MNE,499.0,Montenegro,Montenegro,Montenegro,Montenegro,"Montenegro, Republic of",Europe,Europe,Europe,Europe,Very High,Very High,Developed Countries,Europe,Europe,EU
MN,MNG,496.0,Mongolia,Mongolia,Mongolia,Mongolia,Mongolia,Asia,Asia,Western Pacific,Western Pacific,High,High,Asia and developing Pacific,Eastern Asia,Asia,AS
MP,MNP,580.0,Commonwealth of the Northern Mariana Islands (USA),Commonwealth of the Northern Maria,Northern Mariana Islands,Northern Mariana Islands (the),"Northern Mariana Islands, Commonwealth of the",SIDS,SIDS,Western Pacific,Western Pacific,,,Asia and developing Pacific,South-East Asia and Pacific,Oceania,OC
MZ,MOZ,508.0,Mozambique,Mozambique,Mozambique,Mozambique,"Mozambique, Republic of",Africa,Africa,Africa,Africa,Low,Low,Africa,Africa,Africa,AF
MR,MRT,478.0,Mauritania,Mauritania,Mauritania,Mauritania,"Mauritania, Islamic Republic of",Africa,Africa,Africa,Africa,Low,Medium,Africa,Africa,Africa,AF
MS,MSR,500.0,Montserrat,Montserrat,Montserrat,Montserrat,Montserrat,SIDS,SIDS,Americas,Americas,,,Latin America and Caribbean,Latin America and Caribbean,North America,NA
MQ,MTQ,474.0,Martinique,Martinique,Martinique,Martinique,Martinique,SIDS,SIDS,Americas,Americas,,,Latin America and Caribbean,Latin America and Caribbean,North America,NA
MU,MUS,480.0,Mauritius,Mauritius,Mauritius,Mauritius,"Mauritius, Republic of",SIDS,SIDS,Africa,Africa,High,Very High,Africa,Africa,Africa,AF
MW,MWI,454.0,Malawi,Malawi,Malawi,Malawi,"Malawi, Republic of",Africa,Africa,Africa,Africa,Low,Low,Africa,Africa,Africa,AF
MY,MYS,458.0,Malaysia,Malaysia,Malaysia,Malaysia,Malaysia,Asia,Asia,Western Pacific,Western Pacific,Very High,Very High,Asia and developing Pacific,South-East Asia and Pacific,Asia,AS
YT,MYT,175.0,,,Mayotte,Mayotte,Mayotte,,,,,,,Africa,Africa,Africa,AF
,NAM,516.0,Namibia,Namibia,Namibia,Namibia,"Namibia, Republic of",Africa,Africa,Africa,Africa,Medium,Medium,Africa,Africa,Africa,AF
NC,NCL,540.0,New Caledonia (France),New Caledonia (France),New Caledonia,New Caledonia,New Caledonia,SIDS,SIDS,Western Pacific,Western Pacific,,,Asia and developing Pacific,South-East Asia and Pacific,Oceania,OC
NE,NER,562.0,Niger,Niger,Niger,Niger (the),"Niger, Republic of",Africa,Africa,Africa,Africa,Low,Low,Africa,Africa,Africa,AF
NF,NFK,574.0,,,Norfolk Island,Norfolk Island,Norfolk Island,,,,,,,Developed Countries,"Australia, Japan, New Zealand",Oceania,OC
NG,NGA,566.0,Nigeria,Nigeria,Nigeria,Nigeria,"Nigeria, Federal Republic of",Africa,Africa,Africa,Africa,Low,Medium,Africa,Africa,Africa,AF
NI,NIC,558.0,Nicaragua,Nicaragua,Nicaragua,Nicaragua,"Nicaragua, Republic of",Latin America,Latin America,Americas,Americas,Medium,High,Latin America and Caribbean,Latin America and Caribbean,North America,NA
NU,NIU,570.0,Niue,Niue,Niue,Niue,Niue,SIDS,SIDS,Western Pacific,Western Pacific,,,Asia and developing Pacific,South-East Asia and Pacific,Oceania,OC
NL,NLD,528.0,Netherlands,Netherlands,Netherlands,Netherlands (the),"Netherlands, Kingdom of the",Europe,Europe,Europe,Europe,Very High,Very High,Developed Countries,Europe,Europe,EU
NO,NOR,578.0,Norway,Norway,Norway,Norway,"Norway, Kingdom of",Europe,Europe,Europe,Europe,Very High,Very High,Developed Countries,Europe,Europe,EU
NP,NPL,524.0,Nepal,Nepal,Nepal,Nepal,"Nepal, State of",Asia,Asia,South-East Asia,South-East Asia,Medium,Medium,Asia and developing Pacific,Southern Asia,Asia,AS
NR,NRU,520.0,Nauru,Nauru,Nauru,Nauru,"Nauru, Republic of",SIDS,SIDS,Western Pacific,Western Pacific,Medium,High,Asia and developing Pacific,South-East Asia and Pacific,Oceania,OC
NZ,NZL,554.0,New Zealand,New Zealand,New Zealand,New Zealand,New Zealand,Oceania,Oceania,Western Pacific,Western Pacific,Very High,Very High,Developed Countries,"Australia, Japan, New Zealand",Oceania,OC
OM,OMN,512.0,Oman,Oman,Oman,Oman,"Oman, Sultanate of",Asia,Asia,Eastern Mediterranean,Eastern Mediterranean,Very High,Very High,Middle East,Middle East,Asia,AS
PK,PAK,586.0,Pakistan,Pakistan,Pakistan,Pakistan,"Pakistan, Islamic Republic of",Asia,Asia,Eastern Mediterranean,Eastern Mediterranean,Low,Low,Asia and developing Pacific,Southern Asia,Asia,AS
PA,PAN,591.0,Panama,Panama,Panama,Panama,"Panama, Republic of",Latin America,Latin America,Americas,Americas,Very High,Very High,Latin America and Caribbean,Latin America and Caribbean,North America,NA
PN,PCN,612.0,Pitcairn Island (UK),Pitcairn Island (UK),Pitcairn,Pitcairn,Pitcairn Islands,Oceania,Oceania,Western Pacific,Western Pacific,,,Asia and developing Pacific,South-East Asia and Pacific,Oceania,OC
PE,PER,604.0,Peru,Peru,Peru,Peru,"Peru, Republic of",Latin America,Latin America,Americas,Americas,High,High,Latin America and Caribbean,Latin America and Caribbean,South America,SA
PH,PHL,608.0,Philippines,Philippines,Philippines,Philippines (the),"Philippines, Republic of the",Asia,Asia,Western Pacific,Western Pacific,High,High,Asia and developing Pacific,South-East Asia and Pacific,Asia,AS
PW,PLW,585.0,Palau,Palau,Palau,Palau,"Palau, Republic of",SIDS,SIDS,Western Pacific,Western Pacific,High,High,Asia and developing Pacific,South-East Asia and Pacific,Oceania,OC
PG,PNG,598.0,Papua New Guinea,Papua New Guinea,Papua New Guinea,Papua New Guinea,"Papua New Guinea, Independent State of",SIDS,SIDS,Western Pacific,Western Pacific,Medium,Medium,Asia and developing Pacific,South-East Asia and Pacific,Oceania,OC
PL,POL,616.0,Poland,Poland,Poland,Poland,"Poland, Republic of",Europe,Europe,Europe,Europe,Very High,Very High,Developed Countries,Europe,Europe,EU
PR,PRI,630.0,Puerto Rico,Puerto Rico,Puerto Rico,Puerto Rico,"Puerto Rico, Commonwealth of",SIDS,SIDS,Americas,Americas,,,Latin America and Caribbean,Latin America and Caribbean,North America,NA
KP,PRK,408.0,Democratic People's Republic of Korea,Democratic People's Republic of Kore,"Korea, Dem. People's Rep.",Korea (the Democratic People's Republic of),"Korea, Democratic People's Republic of",Asia,Asia,South-East Asia,South-East Asia,,,Asia and developing Pacific,Eastern Asia,Asia,AS
PT,PRT,620.0,Portugal,Portugal,Portugal,Portugal,"Portugal, Portuguese Republic",Europe,Europe,Europe,Europe,Very High,Very High,Developed Countries,Europe,Europe,EU
PY,PRY,600.0,Paraguay,Paraguay,Paraguay,Paraguay,"Paraguay, Republic of",Latin America,Latin America,Americas,Americas,High,High,Latin America and Caribbean,Latin America and Caribbean,South America,SA
PS,PSE,275.0,Occupied Palestinian territory,Occupied Palestinian territory,West Bank and Gaza,"Palestine, State of","Palestinian Territory, Occupied",Asia,Asia,Eastern Mediterranean,Eastern Mediterranean,High,Medium,Middle East,Middle East,Asia,AS
PF,PYF,258.0,French Polynesia (France),French Polynesia (France),French Polynesia,French Polynesia,French Polynesia,SIDS,SIDS,Western Pacific,Western Pacific,,,Asia and developing Pacific,South-East Asia and Pacific,Oceania,OC
QA,QAT,634.0,Qatar,Qatar,Qatar,Qatar,"Qatar, State of",Asia,Asia,Eastern Mediterranean,Eastern Mediterranean,Very High,Very High,Middle East,Middle East,Asia,AS
RE,REU,638.0,,,Réunion,Réunion,Reunion,,,,,,,Africa,Africa,Africa,AF
RO,ROU,642.0,Romania,Romania,Romania,Romania,Romania,Europe,Europe,Europe,Europe,Very High,Very High,Developed Countries,Europe,Europe,EU
RU,RUS,643.0,Russian Federation,Russian Federation,Russia,Russian Federation (the),Russian Federation,Europe,Europe,Europe,Europe,Very High,Very High,Eastern Europe and Central Asia,Eastern Europe and Central Asia,Europe,EU
RU,RUS,643.0,Russian Federation,Russian Federation,Russia,Russian Federation (the),Russian Federation,Europe,Europe,Europe,Europe,Very High,Very High,Eastern Europe and Central Asia,Eastern Europe and Central Asia,Asia,AS
RW,RWA,646.0,Rwanda,Rwanda,Rwanda,Rwanda,"Rwanda, Republic of",Africa,Africa,Africa,Africa,Low,Medium,Africa,Africa,Africa,AF
SA,SAU,682.0,Saudi Arabia,Saudi Arabia,Saudi Arabia,Saudi Arabia,"Saudi Arabia, Kingdom of",Asia,Asia,Eastern Mediterranean,Eastern Mediterranean,Very High,Very High,Middle East,Middle East,Asia,AS
CS,SCG,891.0,,,Serbia and Montenegro,Serbia and Montenegro,,,,,,,,Eastern Europe and Central Asia,Eastern Europe and Central Asia,Europe,EU
SD,SDN,729.0,Sudan,Sudan,Sudan,Sudan (the),"Sudan, Republic of",Africa,Africa,Eastern Mediterranean,Eastern Mediterranean,Low,Low,Africa,Africa,Africa,AF
SN,SEN,686.0,Senegal,Senegal,Senegal,Senegal,"Senegal, Republic of",Africa,Africa,Africa,Africa,Low,Low,Africa,Africa,Africa,AF
SG,SGP,702.0,Singapore,Singapore,Singapore,Singapore,"Singapore, Republic of",SIDS,SIDS,Western Pacific,Western Pacific,Very High,Very High,Asia and developing Pacific,South-East Asia and Pacific,Asia,AS
GS,SGS,239.0,,,South Georgia and the South Sandwich Islands,South Georgia and the South Sandwich Islands,South Georgia and the South Sandwich Islands,,,,,,,Latin America and Caribbean,Latin America and Caribbean,Antarctica,AN
SH,SHN,654.0,,,"Saint Helena, Ascension and Tristan da Cunha","Saint Helena, Ascension and Tristan da Cunha",Saint Helena,,,,,,,Africa,Africa,Africa,AF
SJ,SJM,744.0,,,Svalbard and Jan Mayen,Svalbard and Jan Mayen,Svalbard & Jan Mayen Islands,,,,,,,Developed Countries,Europe,Europe,EU
SB,SLB,90.0,Solomon Islands,Solomon Islands,Solomon Islands,Solomon Islands,Solomon Islands,SIDS,SIDS,Western Pacific,Western Pacific,Medium,Medium,Asia and developing Pacific,South-East Asia and Pacific,Oceania,OC
SL,SLE,694.0,Sierra Leone,Sierra Leone,Sierra Leone,Sierra Leone,"Sierra Leone, Republic of",Africa,Africa,Africa,Africa,Low,Low,Africa,Africa,Africa,AF
SV,SLV,222.0,El Salvador,El Salvador,El Salvador,El Salvador,"El Salvador, Republic of",Latin America,Latin America,Americas,Americas,Medium,Medium,Latin America and Caribbean,Latin America and Caribbean,North America,NA
SM,SMR,674.0,San Marino,San Marino,San Marino,San Marino,"San Marino, Republic of",Europe,Europe,Europe,Europe,Very High,Very High,Developed Countries,Europe,Europe,EU
SO,SOM,706.0,Somalia,Somalia,Somalia,Somalia,"Somalia, Somali Republic",Africa,Africa,Eastern Mediterranean,Eastern Mediterranean,Low,Low,Africa,Africa,Africa,AF
PM,SPM,666.0,,,Saint Pierre and Miquelon,Saint Pierre and Miquelon,Saint Pierre and Miquelon,,,,,,,Developed Countries,North America,North America,NA
RS,SRB,688.0,Serbia,Serbia,Serbia,Serbia,"Serbia, Republic of",Europe,Europe,Europe,Europe,Very High,Very High,Developed Countries,Europe,Europe,EU
SS,SSD,728.0,South Sudan,South Sudan,South Sudan,South Sudan,South Sudan,Africa,Africa,Africa,Africa,Low,Low,Africa,Africa,Africa,AF
ST,STP,678.0,Sao Tome and Principe,Sao Tome and Principe,São Tomé and Principe,Sao Tome and Principe,"Sao Tome and Principe, Democratic Republic of",SIDS,SIDS,Africa,Africa,Medium,Medium,Africa,Africa,Africa,AF
SR,SUR,740.0,Suriname,Suriname,Suriname,Suriname,"Suriname, Republic of",SIDS,SIDS,Americas,Americas,Medium,High,Latin America and Caribbean,Latin America and Caribbean,South America,SA
SK,SVK,703.0,Slovakia,Slovakia,Slovak Republic,Slovakia,Slovakia (Slovak Republic),Europe,Europe,Europe,Europe,Very High,Very High,Developed Countries,Europe,Europe,EU
SI,SVN,705.0,Slovenia,Slovenia,Slovenia,Slovenia,"Slovenia, Republic of",Europe,Europe,Europe,Europe,Very High,Very High,Developed Countries,Europe,Europe,EU
SE,SWE,752.0,Sweden,Sweden,Sweden,Sweden,"Sweden, Kingdom of",Europe,Europe,Europe,Europe,Very High,Very High,Developed Countries,Europe,Europe,EU
SZ,SWZ,748.0,Eswatini,Eswatini,Swaziland,Eswatini,"Swaziland, Kingdom of",Africa,Africa,Africa,Africa,Medium,Medium,Africa,Africa,Africa,AF
SX,SXM,534.0,Sint Maarten,Sint Maarten,Sint Maarten (Dutch part),Sint Maarten (Dutch part),Sint Maarten (Netherlands),SIDS,SIDS,Americas,Americas,,,Latin America and Caribbean,Latin America and Caribbean,North America,NA
SC,SYC,690.0,Seychelles,Seychelles,Seychelles,Seychelles,"Seychelles, Republic of",SIDS,SIDS,Africa,Africa,Very High,Very High,Africa,Africa,Africa,AF
SY,SYR,760.0,Syrian Arab Republic,Syrian Arab Republic,Syrian Arab Republic,Syrian Arab Republic,Syrian Arab Republic,Asia,Asia,Eastern Mediterranean,Eastern Mediterranean,Medium,Medium,Middle East,Middle East,Asia,AS
TC,TCA,796.0,Turks and Caicos,Turks and Caicos,Turks and Caicos Islands,Turks and Caicos Islands (the),Turks and Caicos Islands,SIDS,SIDS,Americas,Americas,,,Latin America and Caribbean,Latin America and Caribbean,North America,NA
TD,TCD,148.0,Chad,Chad,Chad,Chad,"Chad, Republic of",Africa,Africa,Africa,Africa,Low,Low,Africa,Africa,Africa,AF
TG,TGO,768.0,Togo,Togo,Togo,Togo,"Togo, Togolese Republic",Africa,Africa,Africa,Africa,Low,Medium,Africa,Africa,Africa,AF
TH,THA,764.0,Thailand,Thailand,Thailand,Thailand,"Thailand, Kingdom of",Asia,Asia,South-East Asia,South-East Asia,Very High,High,Asia and developing Pacific,South-East Asia and Pacific,Asia,AS
TJ,TJK,762.0,Tajikistan,Tajikistan,Tajikistan,Tajikistan,"Tajikistan, Republic of",Asia,Asia,Europe,Europe,Medium,Medium,Eastern Europe and Central Asia,Eastern Europe and Central Asia,Asia,AS
TK,TKL,772.0,Tokelau (New Zealand),Tokelau (New Zealand),Tokelau,Tokelau,Tokelau,Oceania,Oceania,Western Pacific,Western Pacific,,,Asia and developing Pacific,South-East Asia and Pacific,Oceania,OC
TM,TKM,795.0,Turkmenistan,Turkmenistan,Turkmenistan,Turkmenistan,Turkmenistan,Asia,Asia,Europe,Europe,High,High,Eastern Europe and Central Asia,Eastern Europe and Central Asia,Asia,AS
TL,TLS,626.0,Timor-Leste,Timor-Leste,Timor-Leste,Timor-Leste,"Timor-Leste, Democratic Republic of",SIDS,SIDS,South-East Asia,South-East Asia,Medium,Medium,Asia and developing Pacific,South-East Asia and Pacific,Asia,AS
TO,TON,776.0,Tonga,Tonga,Tonga,Tonga,"Tonga, Kingdom of",SIDS,SIDS,Western Pacific,Western Pacific,High,High,Asia and developing Pacific,South-East Asia and Pacific,Oceania,OC
TT,TTO,780.0,Trinidad and Tobago,Trinidad and Tobago,Trinidad and Tobago,Trinidad and Tobago,"Trinidad and Tobago, Republic of",SIDS,SIDS,Americas,Americas,Very High,Very High,Latin America and Caribbean,Latin America and Caribbean,North America,NA
TN,TUN,788.0,Tunisia,Tunisia,Tunisia,Tunisia,"Tunisia, Tunisian Republic",Africa,Africa,Eastern Mediterranean,Eastern Mediterranean,High,High,Africa,Africa,Africa,AF
TR,TUR,792.0,Türkiye,Türkiye,Turkey,Turkey,"Turkey, Republic of",Asia,Asia,Europe,Europe,Very High,Very High,Developed Countries,Europe,Europe,EU
TR,TUR,792.0,Türkiye,Türkiye,Turkey,Turkey,"Turkey, Republic of",Asia,Asia,Europe,Europe,Very High,Very High,Developed Countries,Europe,Asia,AS
TV,TUV,798.0,Tuvalu,Tuvalu,Tuvalu,Tuvalu,Tuvalu,SIDS,SIDS,Western Pacific,Western Pacific,Medium,Medium,Asia and developing Pacific,South-East Asia and Pacific,Oceania,OC
TW,TWN,158.0,,,"Taiwan, China",Taiwan (Province of China),Taiwan,,,,,,,Asia and developing Pacific,Eastern Asia,Asia,AS
TZ,TZA,834.0,United Republic of Tanzania,United Republic of Tanzania,Tanzania,"Tanzania, United Republic of","Tanzania, United Republic of",Africa,Africa,Africa,Africa,Low,Medium,Africa,Africa,Africa,AF
UG,UGA,800.0,Uganda,Uganda,Uganda,Uganda,"Uganda, Republic of",Africa,Africa,Africa,Africa,Medium,Medium,Africa,Africa,Africa,AF
UA,UKR,804.0,Ukraine,Ukraine,Ukraine,Ukraine,Ukraine,Europe,Europe,Europe,Europe,High,High,Eastern Europe and Central Asia,Eastern Europe and Central Asia,Europe,EU
UM,UMI,581.0,,,United States Minor Outlying Islands,United States Minor Outlying Islands (the),United States Minor Outlying Islands,,,,,,,Asia and developing Pacific,South-East Asia and Pacific,North America,NA
UY,URY,858.0,Uruguay,Uruguay,Uruguay,Uruguay,"Uruguay, Eastern Republic of",Latin America,Latin America,Americas,Americas,Very High,Very High,Latin America and Caribbean,Latin America and Caribbean,South America,SA
US,USA,840.0,United States of America,United States of America,United States,United States of America (the),United States of America,Northern America,Northern America,Americas,Americas,Very High,Very High,Developed Countries,North America,North America,NA
UZ,UZB,860.0,Uzbekistan,Uzbekistan,Uzbekistan,Uzbekistan,"Uzbekistan, Republic of",Asia,Asia,Europe,Europe,High,High,Eastern Europe and Central Asia,Eastern Europe and Central Asia,Asia,AS
VA,VAT,336.0,,,Holy See,Holy See (the),Holy See (Vatican City State),,,,,,,Developed Countries,Europe,Europe,EU
VC,VCT,670.0,Saint Vincent and the Grenadines,Saint Vincent and the Grenadines,St. Vincent and the Grenadines,Saint Vincent and the Grenadines,Saint Vincent and the Grenadines,SIDS,SIDS,Americas,Americas,High,High,Latin America and Caribbean,Latin America and Caribbean,North America,
VE,VEN,862.0,Bolivarian Republic of Venezuela,Bolivarian Republic of Venezuela,"Venezuela, RB",Venezuela (Bolivarian Republic of),"Venezuela, Bolivarian Republic of",Latin America,Latin America,Americas,Americas,Medium,High,Latin America and Caribbean,Latin America and Caribbean,South America,SA
VG,VGB,92.0,British Virgin Islands,British Virgin Islands,British Virgin Islands,Virgin Islands (British),British Virgin Islands,SIDS,SIDS,Americas,Americas,,,Latin America and Caribbean,Latin America and Caribbean,North America,
VI,VIR,850.0,US Virgin Islands,US Virgin Islands,Virgin Islands (U.S.),Virgin Islands (U.S.),United States Virgin Islands,SIDS,SIDS,,,,,Latin America and Caribbean,Latin America and Caribbean,North America,
VN,VNM,704.0,Vietnam,Vietnam,Vietnam,Viet Nam,"Vietnam, Socialist Republic of",Asia,Asia,Western Pacific,Western Pacific,High,High,Asia and developing Pacific,South-East Asia and Pacific,Asia,AS
VU,VUT,548.0,Vanuatu,Vanuatu,Vanuatu,Vanuatu,"Vanuatu, Republic of",SIDS,SIDS,Western Pacific,Western Pacific,Medium,Medium,Asia and developing Pacific,South-East Asia and Pacific,Oceania,OC
WF,WLF,876.0,Wallis and Futuna (France),Wallis and Futuna (France),Wallis and Futuna,Wallis and Futuna,Wallis and Futuna,Oceania,Oceania,Western Pacific,Western Pacific,,,Asia and developing Pacific,South-East Asia and Pacific,Oceania,OC
WS,WSM,882.0,Samoa,Samoa,Samoa,Samoa,"Samoa, Independent State of",SIDS,SIDS,Western Pacific,Western Pacific,High,High,Asia and developing Pacific,South-East Asia and Pacific,Oceania,OC
YE,YEM,887.0,Yemen,Yemen,Yemen,"Yemen, Rep.",Yemen,Asia,Asia,Eastern Mediterranean,Eastern Mediterranean,Low,Low,Middle East,Middle East,Asia,AS
ZA,ZAF,710.0,South Africa,South Africa,South Africa,South Africa,"South Africa, Republic of",Africa,Africa,Africa,Africa,High,High,Africa,Africa,Africa,AF
ZM,ZMB,894.0,Zambia,Zambia,Zambia,Zambia,"Zambia, Republic of",Africa,Africa,Africa,Africa,Medium,Medium,Africa,Africa,Africa,AF
ZW,ZWE,716.0,Zimbabwe,Zimbabwe,Zimbabwe,Zimbabwe,"Zimbabwe, Republic of",Africa,Africa,Africa,Africa,Medium,Medium,Africa,Africa,Africa,AF
