Topic ID,Topic (name),Topic (short),Aggregated meta-topic,Aggregated topic,color,Topic (generated),top_words
213142,Transmission,Viral,Health impact,Infectious,#fed9a6,"Viral, Viral diseases","['transmiss', 'outbreak', 'virus', 'wnv', 'epidem', 'zika', 'vector', 'spread', 'human', 'chikungunya']"
213146,Seasonality,Seasonality,Exposure,General seasonality & weather,#fbb4ae,"Seasonality, Seasonality","['season', 'winter', 'summer', 'variat', 'dure', 'pattern', 'spring', 'dri', 'peak', 'raini']"
213181,Building design,Building design,Mediating pathways,Geographic exposure,#b3cde3,"Building design, Building design","['indoor', 'outdoor', 'home', 'build', 'hous', 'ventil', 'environ', 'school', 'humid', 'measur']"
213155,Stroke,Stroke,Health impact,Chronic,#fed9a6,"Stroke, Stroke","['stroke', 'ischem', 'hemorrhag', 'associ', 'subtyp', 'day', 'onset', 'ich', 'sah', 'cerebrovascular']"
213148,HFMD,HFMD,Health impact,Infectious,#fed9a6,"HFMD, Hand-foot-and-mouth disease","['hfmd', 'foot', 'mouth', 'hand', 'factor', 'diseas', 'meteorolog', 'childhood', 'humid', 'relat']"
213152,Food insecurity,Food,Health impact,Food & nutrition,#fed9a6,"Food, Food insecurity","['food', 'insecur', 'secur', 'hunger', 'nutrit', 'agricultur', 'product', 'africa', 'price', 'countri']"
213156,Influenza,Influenza,Health impact,Infectious,#fed9a6,"Influenza, Influenza","['influenza', 'epidem', 'week', 'activ', 'virus', 'pandem', 'vaccin', 'ili', 'surveil', 'temper']"
213136,Hospital admissions,Hospital,Health impact,Health system demand,#fed9a6,"Hospital, Hospital admissions","['hospit', 'admiss', 'respiratori', 'associ', 'ami', 'pneumonia', 'daili', 'cardiovascular', 'copd', 'increas']"
213163,Disease incidence,Incidence,Other,Methods,#bdbdbd,"Incidence, Disease incidence","['incid', 'rate', 'provinc', 'per', 'irr', 'annual', 'year', 'correl', 'week', 'increas']"
213159,Visits to health care facilities,Health facilities,Health impact,Health system demand,#fed9a6,"Health facilities, Visit to health care facilities","['visit', 'emerg', 'outpati', 'depart', 'respiratori', 'room', 'increas', 'hospit', 'associ', 'daili']"
213144,Public health ,Public health,Health impact,Health system demand,#fed9a6,"Public health, Public health","['health', 'public', 'review', 'impact', 'research', 'system', 'environment', 'literatur', 'care', 'outcom']"
213150,Particulate concentration (air),Particulates,Exposure,Emissions,#fbb4ae,"Particulates, Particle concentration (air)","['concentr', 'particl', 'site', 'aerosol', 'mass', 'measur', 'dure', 'sourc', 'carbon', 'averag']"
213191,China,China,Mediating pathways,Geographic exposure,#b3cde3,"China, China","['china', 'provinc', 'haze', 'hfrs', 'chines', 'region', 'control', 'north', 'guangzhou', 'mainland']"
213190,Energy policy & co-benefits,Energy,Intervention option,Mitigation co-benefits,#ccebc5,"Energy, Energy policy & co-benefits","['energi', 'cost', 'polici', 'benefit', 'cobenefit', 'mitig', 'electr', 'reduc', 'reduct', 'econom']"
213189,Leptospirosis,Leptospirosis,Health impact,Infectious,#fed9a6,"Leptospirosis, Leptospirosis","['leptospirosi', 'leptospira', 'human', 'anim', 'rodent', 'serovar', 'dog', 'zoonot', 'outbreak', 'rainfal']"
213188,Age & Sex,Age & sex,Mediating pathways,Demographic vulnerability,#b3cde3,"Age & sex, Age & sex","['age', 'preval', 'group', 'year', 'women', 'among', 'older', 'adult', 'studi', 'particip']"
213187,Rural households,Household,Mediating pathways,Geographic exposure,#b3cde3,"Household, Rural households","['household', 'stove', 'rural', 'fuel', 'cook', 'survey', 'use', 'incom', 'shock', 'biomass']"
213186,Montly rainfall,Rainfall,Exposure,Precipitation variabilty,#fbb4ae,"Rainfall, Monthly rainfall","['month', 'rainfal', 'period', 'correl', 'variabl', 'trend', 'mean', 'averag', 'precipit', 'maximum']"
213185,Exposure,Exposure,Other,Methods,#bdbdbd,"Exposure, Exposure","['exposur', 'associ', 'estim', 'ambient', 'increas', 'person', 'shortterm', 'adjust', 'studi', 'use']"
213184,Occupational injury,Injury,Health impact,Occupational health & injury,#fed9a6,"Injury, Occupational injury","['injuri', 'worker', 'occup', 'work', 'accid', 'workplac', 'safeti', 'wbgt', 'ill', 'workrel']"
213183,Asthma,Asthma,Health impact,Respiratory,#fed9a6,"Asthma, Asthma","['asthma', 'childhood', 'exacerb', 'allerg', 'rhiniti', 'thunderstorm', 'associ', 'smoke', 'asthmat', 'preval']"
213182,Cold & extreme temperatures,Cold,Exposure,Heat,#fbb4ae,"Cold, Cold & extreme temperatures","['cold', 'spell', 'hot', 'wave', 'extrem', 'cvd', 'winter', 'effect', 'attribut', 'coldrel']"
213180,Cholera,Cholera,Health impact,Infectious,#fed9a6,"Cholera, Cholera","['cholera', 'outbreak', 'epidem', 'nino', 'vibrio', 'rainfal', 'haiti', 'enso', 'bangladesh', 'sanit']"
213179,Greenhouse pathways,RCP,Intervention option,Mitigation co-benefits,#ccebc5,"RCP, Greenhouse pathways","['scenario', 'project', 'rcp', 'futur', 'pathway', 'increas', 'simul', 'popul', 'global', 'model']"
213178,Thermal stress & comfort,Thermal stress,Health impact,Chronic,#fed9a6,"Thermal stress, Thermal stress & comfort","['thermal', 'stress', 'comfort', 'index', 'indic', 'utci', 'pet', 'wbgt', 'condit', 'physiolog']"
213177,Death,Death,Health impact,All-cause mortality,#fed9a6,"Death, Death","['death', 'caus', 'excess', 'estim', 'attribut', 'fatal', 'year', 'number', 'rate', 'prematur']"
213176,Dust storms,Dust storm,Exposure,Drought,#fbb4ae,"Dust storm, Dust storms","['dust', 'storm', 'desert', 'sourc', 'event', 'asian', 'saharan', 'miner', 'aerosol', 'road']"
213175,Suicide,Suicide,Health impact,Mental health,#fed9a6,"Suicide, Suicide","['suicid', 'associ', 'rate', 'attempt', 'male', 'men', 'hang', 'adjust', 'sunshin', 'studi']"
213174,Fungal spores,Spores,Health impact,Respiratory,#fed9a6,"Spores, Fungal spores","['spore', 'fungal', 'airborn', 'alternaria', 'cladosporium', 'fungi', 'concentr', 'allergen', 'bioaerosol', 'type']"
213173,Drought,Drought,Exposure,Drought,#fbb4ae,"Drought, Drought","['drought', 'impact', 'veget', 'sever', 'agricultur', 'index', 'vhi', 'shock', 'rural', 'region']"
213172,Mental health & PTSD,Mental,Health impact,Mental health,#fed9a6,"Mental, Mental health & PTSD","['mental', 'ptsd', 'disord', 'depress', 'stress', 'posttraumat', 'psycholog', 'anxieti', 'survivor', 'health']"
213171,Diurnal temperature range,DTR,Exposure,Heat,#fbb4ae,"DTR, Diurnal temperature range","['dtr', 'diurnal', 'effect', 'rang', 'childhood', 'elder', 'nonaccident', 'modifi', 'hefei', 'nonlinear']"
213170,Risk assessment & risk perception,Risk,Other,Methods,#bdbdbd,"Risk, Risk assessment & risk perception","['risk', 'factor', 'percept', 'hazard', 'assess', 'high', 'relat', 'increas', 'map', 'higher']"
213169,Adaptation,Adaptation,Intervention option,Policy & practice,#ccebc5,"Adaptation, Adaptation","['adapt', 'strategi', 'plan', 'polici', 'capac', 'climat', 'chang', 'govern', 'develop', 'local']"
213168,Spatial analyses,Spatial,Other,Methods,#bdbdbd,"Spatial, Spatial analyses","['spatial', 'area', 'region', 'distribut', 'map', 'cluster', 'use', 'environment', 'geograph', 'data']"
213167,Hurricanes,Hurricane,Exposure,Extreme precipitation & flooding,#fbb4ae,"Hurricane, Hurricanes","['hurrican', 'evacu', 'sandi', 'storm', 'katrina', 'new', 'recoveri', 'york', 'resid', 'damag']"
213166,Increasing temperatures,Warming,Exposure,Heat,#fbb4ae,"Warming, Increasing temperature","['degre', 'increas', 'temperatur', 'threshold', 'warm', 'maximum', 'abov', 'mean', 'per', 'averag']"
213165,PAH,PAH,Exposure,Emissions,#fbb4ae,"PAH, Polycyclic aromatic hydrocarbons","['pah', 'sourc', 'combust', 'aromat', 'hydrocarbon', 'polycycl', 'sampl', 'cancer', 'burn', 'biomass']"
213164,Symptoms,Symptom,Other,Methods,#bdbdbd,"Symptom, Symptoms","['symptom', 'depress', 'associ', 'respiratori', 'posttraumat', 'score', 'particip', 'report', 'parent', 'pts']"
213162,Child health,Child,Health impact,Maternal & child health,#fed9a6,"Child, Child health","['children', 'child', 'age', 'school', 'childhood', 'parent', 'year', 'pneumonia', 'stunt', 'among']"
213161,Patients,Patients,Health impact,Health system demand,#fed9a6,"Patients, Patients","['patient', 'acut', 'medic', 'clinic', 'care', 'day', 'pressur', 'number', 'diabet', 'admit']"
213160,Respiratory viruses,RSV,Health impact,Respiratory,#fed9a6,"RSV, Respiratory viruses","['infect', 'rsv', 'respiratori', 'virus', 'preval', 'rate', 'syncyti', 'detect', 'viral', 'tract']"
213158,Vulnerability,Vulnerability,Mediating pathways,Social vulnerability,#b3cde3,"Vulnerability, Vulnerability","['vulner', 'social', 'hazard', 'indic', 'index', 'popul', 'livelihood', 'capac', 'assess', 'econom']"
213157,Wildfires,Fire,Exposure,Drought,#fbb4ae,"Fire, Wildfires","['fire', 'wildfir', 'smoke', 'burn', 'forest', 'biomass', 'wildland', 'impact', 'qualiti', 'plume']"
213154,Meteorological variables,Meteorology,Exposure,General seasonality & weather,#fbb4ae,"Meteorology, Meteorological variables","['meteorolog', 'humid', 'correl', 'wind', 'factor', 'pressur', 'relat', 'speed', 'weather', 'atmospher']"
213153,Emissions (ozone),Ozone,Exposure,Emissions,#fbb4ae,"Ozone, Emissions (ozone)","['ozon', 'concentr', 'ppb', 'nox', 'tropospher', 'precursor', 'surfac', 'voc', 'groundlevel', 'nitrogen']"
213151,Farmers & agriculture,Farmer,Health impact,Food & nutrition,#fed9a6,"Farmer, Farmers & agriculture","['farmer', 'crop', 'agricultur', 'farm', 'product', 'percept', 'yield', 'pest', 'smallhold', 'rice']"
213149,Extreme weather events,Extreme weather,Exposure,Extreme precipitation & flooding,#fbb4ae,"Extreme weather, Extreme weather events","['extrem', 'event', 'weather', 'precipit', 'frequenc', 'condit', 'increas', 'day', 'intens', 'impact']"
213147,Birth & pregnancy,Birth,Health impact,Maternal & child health,#fed9a6,"Birth, Birth & pregnancy","['birth', 'preterm', 'pregnanc', 'gestat', 'women', 'matern', 'weight', 'week', 'deliveri', 'trimest']"
213145,Temporal analyses,Temporal,Other,Methods,#bdbdbd,"Temporal, Temporal analyses","['day', 'lag', 'associ', 'daili', 'effect', 'week', 'cumul', 'model', 'nonlinear', 'increas']"
213143,Drinking water quality,Water,Health impact,WASH,#fed9a6,"Water, Drinking water quality","['water', 'drink', 'sourc', 'suppli', 'contamin', 'qualiti', 'groundwat', 'sanit', 'sampl', 'coli']"
213141,Heatwaves,Heatwave,Exposure,Heat,#fbb4ae,"Heatwave, Heatwaves","['heatwav', 'definit', 'dure', 'intens', 'day', 'durat', 'excess', 'period', 'warn', 'impact']"
213140,Ambient temperature,Temperature,Exposure,Heat,#fbb4ae,"Temperature, Ambient temperature","['temperatur', 'effect', 'ambient', 'daili', 'mean', 'percentil', 'high', 'nonlinear', 'associ', 'minimum']"
213139,Community resilience,Resilience,Intervention option,Developing community resilience,#ccebc5,"Resilience, Community resilience","['communiti', 'resili', 'social', 'local', 'particip', 'interview', 'knowledg', 'build', 'resid', 'percept']"
213138,Modeling & forecasting,Model,Other,Methods,#bdbdbd,"Model, Modelling & forecasting","['model', 'predict', 'forecast', 'use', 'data', 'variabl', 'develop', 'accuraci', 'error', 'estim']"
213137,Mosquito vector dynamics,Mosquito,Health impact,Infectious,#fed9a6,"Mosquito, Mosquito vector dynamics","['mosquito', 'vector', 'abund', 'speci', 'aed', 'aegypti', 'albopictus', 'popul', 'trap', 'densiti']"
213135,Infectious diseases general,Infectious,Health impact,Infectious,#fed9a6,"Infectious, Infectious diseases general","['diseas', 'infecti', 'respiratori', 'cardiovascular', 'vectorborn', 'burden', 'heart', 'chronic', 'diarrheal', 'prevent']"
213134,Case data,Case,Other,Methods,#bdbdbd,"Case, Case data","['case', 'report', 'number', 'year', 'occur', 'confirm', 'surveil', 'period', 'dure', 'fever']"
213133,Floods,Flood,Exposure,Extreme precipitation & flooding,#fbb4ae,"Flood, Floods","['flood', 'damag', 'river', 'flash', 'event', 'impact', 'peopl', 'fatal', 'area', 'dysenteri']"
213132,Pollen & allergies,Pollen,Health impact,Respiratory,#fed9a6,"Pollen, Pollen & allergies","['pollen', 'allergen', 'airborn', 'allergi', 'grass', 'grain', 'allerg', 'count', 'poacea', 'concentr']"
213127,Malaria,Malaria,Health impact,Infectious,#fed9a6,"Malaria, Malaria","['malaria', 'transmiss', 'falciparum', 'plasmodium', 'vivax', 'parasit', 'control', 'anophel', 'elimin', 'intervent']"
213125,Mortality,Mortality,Health impact,All-cause mortality,#fed9a6,"Mortality, Mortality","['mortal', 'cardiovascular', 'allcaus', 'respiratori', 'excess', 'rate', 'estim', 'daili', 'increas', 'citi']"
213123,Air pollution,Air pollution,Health impact,Respiratory,#fed9a6,"Air pollution, Air pollution","['pollut', 'air', 'qualiti', 'dioxid', 'level', 'citi', 'particul', 'effect', 'matter', 'nitrogen']"
213126,Disaster risk reduction,Disaster,Intervention option,Disaster risk reduction,#ccebc5,"Disaster, Natural disasters","['disast', 'natur', 'prepared', 'manag', 'respons', 'peopl', 'reduct', 'earthquak', 'emerg', 'affect']"
213124,Emissions (Nox & vehicles),NOx/Vehicles,Exposure,Emissions,#fbb4ae,"NOx/Vehicles, Emissions (NOx & vehicles)","['emiss', 'nox', 'vehicl', 'sourc', 'fuel', 'reduct', 'ship', 'carbon', 'contribut', 'transport']"
213122,General climate change,Climate change,Exposure,General climate change,#fbb4ae,"Climate change, General climate change","['climat', 'chang', 'impact', 'global', 'increas', 'human', 'mitig', 'futur', 'affect', 'consequ']"
213128,Dengue,Dengue,Health impact,Infectious,#fed9a6,"Dengue, Dengue","['dengu', 'fever', 'outbreak', 'denv', 'epidem', 'aed', 'control', 'vector', 'serotyp', 'aegypti']"
213131,Heat stress,Heat stress,Health impact,Chronic,#fed9a6,"Heat stress, Heat stress","['heat', 'stress', 'heatrel', 'ill', 'extrem', 'worker', 'dure', 'wbgt', 'island', 'work']"
213130,Particulate matter,PM2.5-10,Exposure,Emissions,#fbb4ae,"PM2.5-10, Particulate matter","['particulatematt', 'particul', 'matter', 'concentr', 'fine', 'pollut', 'diamet', 'μgm', 'level', 'respect']"
213129,Urban areas,Urban,Mediating pathways,Geographic exposure,#b3cde3,"Urban, Urban areas","['urban', 'citi', 'uhi', 'area', 'island', 'green', 'rural', 'plan', 'land', 'space']"
